price,year,kilometers,fuel,engine_size
89900,2018,49800,Benzyna,1395
260420,2022,1,Benzyna,1984
159350,2023,1,Benzyna,1984
60500,2015,180390,Diesel,1968
55900,2018,75000,Diesel,1598
89900,2019,141276,Benzyna,1498
19500,2010,354000,Diesel,1598
14900,2004,207000,Benzyna,1598
28500,2011,110975,Benzyna,1390
41900,2014,229500,Benzyna,1395
69900,2017,120200,Benzyna,1395
79900,2019,78000,Benzyna,1498
68019,2018,146615,Diesel,1598
78500,2019,169195,Benzyna,1498
14900,2009,224300,Diesel,1896
4500,2000,370000,Diesel,1896
66900,2018,100858,Diesel,1598
35999,2010,194500,Diesel,1598
7500,2004,298000,Diesel,1896
129900,2019,72000,Benzyna,1984
242900,2023,8,Benzyna,1984
169900,2023,8,Benzyna,1498
67900,2020,180000,Benzyna,1498
124900,2022,6671,Benzyna,1498
89000,2017,170000,Diesel,1968
76800,2014,183200,Benzyna,1984
45900,2013,200000,Diesel,1598
189900,2023,,Benzyna,1984
52900,2017,137900,Diesel,1598
102900,2023,5,Benzyna,999
75900,2019,38700,Benzyna,1498
190900,2023,5,Benzyna,1984
159900,2022,8,Benzyna,1498
197900,2022,1,Benzyna,1984
18200,2004,350000,Diesel,4921
55900,2018,75000,Diesel,1598
117500,2023,1,Benzyna,1498
8900,2006,256499,Diesel,1896
89900,2019,141276,Benzyna,1498
67900,2015,183000,Diesel,1968
59500,2014,169800,Diesel,1968
94587,2017,267608,Diesel,2967
114790,2022,3,Benzyna,999
12300,2007,355000,Diesel,1968
19500,2010,354000,Diesel,1598
14900,2004,207000,Benzyna,1598
113400,2022,3,Benzyna,999
85000,2017,151000,Diesel,1968
113400,2022,3,Benzyna,999
252000,2022,,Benzyna,1984
28500,2011,110975,Benzyna,1390
22900,2009,154000,Benzyna,1390
197900,2023,5,,
54800,2012,212000,Diesel,1968
68880,2016,382000,Diesel,1968
22999,2009,199431,Benzyna,1390
113900,2023,8,Benzyna,999
41900,2014,229500,Benzyna,1395
46900,2012,180000,Benzyna,1798
23900,2011,329500,Diesel,1968
244900,2022,1,Benzyna,1984
19900,2008,230000,Benzyna,1390
69900,2017,120200,Benzyna,1395
126600,2022,5,Benzyna,1498
11700,2006,155381,Benzyna,1984
113900,2022,5,Benzyna,999
98500,2023,5,Benzyna,999
125000,2017,104000,Benzyna,1984
79900,2019,78000,Benzyna,1498
98500,2023,5,Benzyna,999
99500,2023,5,Benzyna,999
101000,2023,5,Benzyna,999
215900,2022,1,Benzyna,1984
123500,2023,5,Benzyna,1498
204900,2019,102000,Diesel,1968
68019,2018,146615,Diesel,1598
148790,2022,1,Benzyna,1498
3800,2002,380000,Diesel,1896
53333,2015,254000,Diesel,1968
27100,2006,368000,Diesel,2460
113400,2022,3,Benzyna,999
154900,2022,5,Benzyna,1498
114790,2022,3,Benzyna,999
113400,2022,3,Benzyna,999
89900,2017,219000,Diesel,1968
7500,2005,195000,Benzyna,1984
45700,2014,218700,Diesel,1968
62900,2017,194000,Diesel,1598
78500,2019,169195,Benzyna,1498
79900,2019,299500,Diesel,1968
194900,2021,45850,Diesel,1968
254900,2022,1,Benzyna,1984
38500,2011,84000,Benzyna,1984
259407,2018,112209,Diesel,2967
154900,2023,1,Benzyna,1498
120700,2022,1,Benzyna,1500
14900,2009,224300,Diesel,1896
182900,2023,1,Benzyna,1984
4500,1997,381000,Diesel,1896
58000,2017,137000,Benzyna,1395
36800,2012,265516,Diesel,1598
4500,2000,370000,Diesel,1896
38500,2011,260000,Diesel,1968
75900,2019,89548,Benzyna,999
99900,2019,90000,Diesel,1968
66900,2018,100858,Diesel,1598
39975,2012,244000,Benzyna,1984
72900,2016,85000,Diesel,1968
258500,2022,1,Diesel,1968
112950,2022,1,Benzyna,1000
117600,2022,1,Benzyna,1000
24999,2007,183048,Benzyna,1390
106200,2022,1,Benzyna,1000
35999,2010,194500,Diesel,1598
75900,2017,120606,Benzyna,1395
247700,2022,1,,
276000,2022,1,Benzyna,1984
332100,2021,53000,Diesel,1968
103888,2018,77220,Benzyna,1498
7500,2004,298000,Diesel,1896
17500,2008,211000,Diesel,1422
109900,2013,245000,Diesel,1968
237900,2022,,Diesel,1968
167900,2022,,Benzyna,1498
129900,2019,72000,Benzyna,1984
289900,2022,8,Benzyna,1968
12500,2005,113696,Diesel,1968
239900,2023,8,Benzyna,1984
209900,2023,1,Benzyna,1498
169900,2023,8,Benzyna,1498
242900,2023,8,Benzyna,1984
74500,2018,79000,Diesel,1968
67900,2020,180000,Benzyna,1498
129000,2012,259000,Diesel,1968
22600,2007,253900,Diesel,1896
114900,2023,1,Benzyna,999
193900,2023,1,Benzyna,1498
196900,2023,1,Benzyna,1498
19900,2007,234000,Diesel,1896
124900,2022,6671,Benzyna,1498
39555,2012,282000,Diesel,1968
116500,2022,8,Benzyna,999
89000,2017,170000,Diesel,1968
194900,2023,1,Benzyna,1498
234000,2023,1,Benzyna,1984
294900,2023,,,
31900,2011,198400,Diesel,1598
98900,2022,,Benzyna,999
172000,2022,1,Benzyna,1984
107777,2019,40870,Benzyna,1498
17700,2008,265463,Diesel,1968
220900,2023,1,Benzyna,1984
112350,2022,5,Benzyna,999
248900,2023,1,Benzyna,1984
244500,2022,1,Diesel,1968
273900,2022,1,,
118500,2022,1,Benzyna,1498
76800,2014,183200,Benzyna,1984
192000,2022,,Benzyna,1984
169900,2022,7,Benzyna,1984
45900,2013,200000,Diesel,1598
165900,2019,169980,Diesel,1968
274990,2022,11500,Benzyna,1984
117900,2023,8,Benzyna,1498
189900,2023,,Benzyna,1984
248700,2022,6,Benzyna,1984
52900,2017,137900,Diesel,1598
15900,2008,151068,Benzyna,1198
72800,2015,91700,Diesel,1968
36900,2011,260000,Diesel,1598
89900,2017,180028,Diesel,1968
48500,2011,202000,Diesel,1968
65999,2016,200000,Diesel,1968
32000,2010,126000,Diesel,1598
230500,2023,1,Benzyna,1984
102900,2023,5,Benzyna,999
322700,2022,1,Benzyna,2000
189900,2023,8,Benzyna,1498
111100,2022,1,Benzyna,1000
196900,2023,1,,
470000,2023,1,Diesel,3000
129900,2018,168500,Diesel,1968
118300,2022,1,Benzyna,999
191000,2023,1,,
44895,2013,261300,Diesel,1968
139900,2018,119000,Benzyna,3600
75900,2019,38700,Benzyna,1498
170968,2019,60261,Benzyna,1984
123000,2018,150600,Diesel,1968
79900,2019,189000,Diesel,1968
275000,2021,7800,Benzyna,1395
33900,2013,207000,Diesel,1598
57900,2017,138000,Diesel,1968
119900,2022,5,Benzyna,1498
151400,2022,5,Benzyna,1498
108200,2022,5,Benzyna,999
139100,2022,5,Benzyna,1498
116300,2022,5,Benzyna,999
137200,2022,5,Benzyna,1498
121600,2022,5,Benzyna,1498
165600,2022,5,Benzyna,1498
142800,2022,5,Benzyna,1498
130300,2022,5,Benzyna,1498
151000,2023,5,Benzyna,1498
112900,2022,8,Benzyna,1498
118500,2022,8,Benzyna,999
190900,2023,5,Benzyna,1984
110600,2022,8,Benzyna,1498
222100,2022,5,Benzyna,1984
217200,2022,5,Benzyna,1984
47800,2011,174644,Diesel,1968
15000,2007,299000,Diesel,1896
39900,2016,200000,Diesel,1560
99900,2019,125000,Diesel,1968
115900,2020,37840,Benzyna,1498
19500,2007,229000,Benzyna,1598
23500,2009,220000,Benzyna,1984
64900,2014,129000,Diesel,1968
94900,2019,128598,Benzyna,1498
280317,2022,8,Benzyna,1984
84900,2015,122053,Diesel,1968
87900,2018,165325,Diesel,1968
9900,2005,263500,Diesel,1896
56578,2011,233000,Diesel,2461
58500,2014,92383,Benzyna,1390
18900,2007,271000,Diesel,1896
89990,2016,219000,Diesel,1968
57900,2016,104000,Benzyna,1395
17777,2009,245125,Diesel,1968
45900,2018,169730,Diesel,1598
132380,2022,1000,Benzyna,1498
219900,2019,155000,Diesel,2967
66000,2018,60000,Benzyna,999
213000,2022,10400,Benzyna,1984
24500,2008,178000,Benzyna,1390
18900,2007,235000,Benzyna,1984
8999,2007,370000,Diesel,1968
21900,2009,173991,Benzyna,1198
67800,2018,141300,Diesel,1968
58800,2020,34765,Diesel,1598
12499,2004,248736,Diesel,1896
25900,2009,196665,Diesel,1598
49900,2013,185000,Benzyna,1390
8900,2003,231541,Diesel,1896
41700,2011,189000,Diesel,1598
16500,2005,280000,Diesel,1896
31900,2009,102600,Benzyna,1390
78900,2017,113500,Diesel,1968
13499,2004,263000,Diesel,1968
45500,2017,189500,Diesel,1968
85900,2017,123360,Diesel,1968
21500,2008,116532,Benzyna,1390
78800,2016,175000,Diesel,1598
45000,2014,133888,Diesel,1598
157932,2019,49900,Benzyna,1984
58600,2015,270000,Diesel,1598
29900,2010,86000,Benzyna,1798
4500,2004,340000,Diesel,1896
109000,2018,28000,Benzyna,1498
84900,2015,189000,Diesel,1968
86900,2021,29900,Benzyna,999
215000,2018,140000,Diesel,2967
16900,2010,139925,Benzyna,1395
128500,2011,295000,Diesel,1968
67500,2019,79500,Benzyna,1498
119000,2021,6200,Benzyna,1498
119900,2018,38000,Diesel,1968
11999,2002,311271,Diesel,1896
48000,2012,270000,Diesel,1968
61377,2015,179165,Diesel,1968
53900,2014,85000,Benzyna,1984
65900,2015,250000,Benzyna,1984
74900,2017,74904,Diesel,1968
134500,2020,31000,Benzyna,1984
59900,2018,172700,Diesel,1598
62600,2018,82000,Benzyna,999
64900,2017,137890,Benzyna,1395
17600,2007,192000,Benzyna,1595
69800,2019,148900,Diesel,1598
5900,2000,295000,Benzyna,1598
85900,2017,142000,Diesel,1968
43900,2014,144100,Benzyna,1390
22900,2010,239000,Diesel,1896
97000,2018,80000,Benzyna,1395
87800,2016,77480,Diesel,1968
55000,2011,203000,Diesel,1968
77900,2016,170000,Benzyna,1395
99500,2019,119000,Diesel,1968
23900,2010,280000,Benzyna,1798
217210,2023,1,Benzyna,1984
59700,2016,101782,Benzyna,1395
18000,2007,47000,Benzyna,2480
38500,2008,295000,Diesel,1900
59900,2017,202000,Diesel,1968
194650,2023,5,Benzyna,1984
225180,2021,16500,Hybryda,1395
251700,2022,6,Benzyna,1984
262700,2022,6,Benzyna,1984
237700,2022,6,Benzyna,1984
114600,2023,5,Benzyna,999
65900,2017,137000,Benzyna,1395
19990,2012,155000,Diesel,1199
24400,2016,119000,Benzyna,999
35900,2011,200000,Benzyna,1798
111946,2022,1,Benzyna,999
111500,2023,5,Benzyna,999
51900,2016,186000,Diesel,1598
66000,2015,156601,Benzyna,1395
50900,2019,230000,Diesel,1968
20900,2010,246957,Diesel,1598
46900,2008,255248,Diesel,2500
45400,2014,212000,Diesel,1968
59900,2005,224753,Diesel,2500
87900,2018,180000,Diesel,1968
9000,2008,413000,Diesel,1896
75800,2017,170000,Diesel,1968
69800,2018,141000,Benzyna,1395
123500,2023,5,Benzyna,1498
101000,2023,5,Benzyna,999
99500,2023,5,Benzyna,999
17900,2006,223000,Diesel,1896
11500,2004,262300,Benzyna,1598
69900,2019,42936,Benzyna,999
14700,2005,443400,Diesel,1896
179900,2019,49400,Diesel,1968
94700,2019,101269,Benzyna,1498
98500,2023,5,Benzyna,999
99900,2020,83000,Diesel,1968
17900,2009,312000,Diesel,1968
139000,2018,51000,Benzyna,1984
44900,2013,130000,Benzyna,1395
124800,2020,58812,Diesel,1968
29990,2009,193000,Benzyna,1390
23900,2006,282000,Benzyna,1781
89799,2018,158100,Diesel,1968
110000,2016,99000,Diesel,1968
300000,2021,24639,Hybryda,1400
36500,2008,190000,Benzyna,1984
97000,2016,193000,Diesel,1968
34999,2012,208500,Diesel,1598
133250,2023,5,Benzyna,1498
12800,2005,216000,Diesel,1896
112299,2020,34000,Benzyna,1498
160900,2022,1,Benzyna,1984
17900,2005,79167,Benzyna,1595
265120,2022,1,Benzyna,1984
274900,2022,,,
39900,2017,132677,Benzyna,999
243610,2023,1,Diesel,1968
75900,2015,160000,Diesel,1968
64500,2010,185000,Benzyna,1984
39900,2009,218354,Diesel,2967
115620,2018,172130,Benzyna,1984
130000,2017,88000,Benzyna,1984
20500,2010,203596,Diesel,1598
52900,2014,231000,Diesel,1968
35900,2011,88663,Diesel,1598
37000,2018,73000,Benzyna,999
269999,2018,82750,Diesel,2967
75000,2019,175000,Diesel,1968
154900,2023,5,Benzyna,1500
45900,2012,239000,Diesel,1968
56900,2020,94000,Benzyna,999
129900,2018,69000,Diesel,1968
49500,2017,228558,Diesel,1968
59999,2015,320000,Diesel,1968
295800,2023,5,,
167900,2023,5,Benzyna,1498
204622,2023,6,Diesel,2000
193786,2023,6,Diesel,2000
79900,2019,75000,Diesel,1598
149000,2018,88400,Benzyna,1984
36000,2014,150000,Benzyna,1798
62433,2015,142000,Benzyna,1395
84900,2015,117000,Diesel,1968
26900,2011,61944,Benzyna,1198
96500,2015,76000,Benzyna,1984
96900,2019,39000,Benzyna,999
49900,2012,388145,Diesel,1968
12500,2005,120000,Benzyna,1390
8000,2005,280000,Diesel,1422
31400,2011,181000,Diesel,1968
32000,2004,273000,Diesel,2967
304900,2023,5,,
65000,2016,130107,Benzyna,1395
56900,2019,50000,Benzyna,999
79900,2017,105599,Benzyna,1798
34999,2012,205000,Benzyna,1390
24900,2006,218000,Diesel,1968
121500,2018,83000,Diesel,1968
244400,2022,1,,
60900,2015,229654,Diesel,1968
24900,2011,185000,Benzyna,1197
148700,2022,3300,Benzyna,1498
199700,2018,216000,Diesel,2967
29900,2008,235456,Benzyna,1984
58900,2014,316000,Diesel,1968
94900,2018,146000,Diesel,1968
73900,2017,199000,Diesel,1968
42000,2013,174000,Diesel,1968
49999,2004,334000,Diesel,2500
28500,2003,327000,Benzyna,4172
45000,2016,140800,Diesel,1598
172000,2022,1,Diesel,1968
104900,2019,98000,Diesel,1968
74900,2016,303045,Diesel,1968
118500,2018,122123,Benzyna,1984
127600,2022,2500,Diesel,1984
53000,2012,344000,Diesel,1968
93900,2019,202202,Diesel,1968
159039,2017,69800,Diesel,1968
18900,2008,330000,Diesel,1896
12888,2011,186100,Benzyna,1198
73000,2015,258000,Diesel,1968
84400,2017,154637,Diesel,1968
34999,2018,92252,Benzyna,999
119400,2022,7620,Benzyna,999
61600,2018,159183,Benzyna,1498
119900,2018,131548,Benzyna,1984
29700,2008,310000,Diesel,1968
233000,2023,1,,
139999,2018,122000,Diesel,1968
58900,2017,204400,Diesel,1968
149834,2021,15423,Benzyna,1498
53000,2015,167500,Diesel,1968
17499,2007,293400,Diesel,1896
89900,2017,76000,Benzyna,1798
355300,2022,10,Diesel,1968
224500,2023,10,Benzyna,1498
159000,2019,77000,Benzyna,1984
39900,2014,278000,Diesel,1968
132000,2017,80000,Benzyna,1984
85900,2019,142000,Benzyna,1498
78990,2013,90345,Benzyna,1984
43900,2007,288741,Diesel,2461
25000,2001,338292,Diesel,1968
49900,2017,185000,Benzyna,1395
77000,2012,250969,Diesel,2967
47900,2009,168349,Benzyna,1984
56000,2016,159000,Benzyna,1395
35500,2008,234000,Diesel,1968
52890,2016,155000,Diesel,1968
82900,2017,86000,Diesel,1968
85900,2019,144000,Benzyna,1498
47900,2012,208460,Benzyna,1984
246900,2022,,,
16900,2006,188000,Benzyna,1390
36900,2012,182000,Diesel,1968
107900,2022,5,Benzyna,999
119900,2020,22000,Benzyna,1498
99900,2017,85597,Diesel,1968
28900,2011,175000,Diesel,1598
37900,2009,239100,Diesel,1968
69900,2017,164070,Benzyna,1798
6700,2007,208000,Benzyna,1198
96800,2016,72144,Benzyna,1798
94900,2017,107174,Diesel,1968
78900,2019,154400,Benzyna,1498
119000,2023,5,Benzyna,999
74900,2016,250000,Diesel,1968
60900,2015,96000,Benzyna,1395
85000,2018,53000,Benzyna,1984
60900,2016,184253,Diesel,1968
38900,2015,160000,Diesel,1968
29000,2003,258884,Benzyna,4172
26000,2008,230000,Diesel,1968
124900,2019,72300,Diesel,1968
19400,2009,136000,Benzyna,1390
40467,2016,129000,Benzyna,999
30500,2008,588000,Diesel,2461
65800,2016,29383,Benzyna,1395
60000,2014,317000,Diesel,1968
85000,2015,208828,Diesel,1968
59900,2012,213600,Diesel,1968
75000,2016,213000,Diesel,1968
31500,2009,227000,Diesel,1968
40000,2007,400095,Diesel,2500
12500,2004,307000,Diesel,1968
99999,2017,97713,Diesel,1968
37400,2009,256200,Diesel,1968
10900,2002,254000,Diesel,1896
64500,2013,260000,Diesel,1968
33900,2011,230000,Diesel,1598
264900,2022,6900,Benzyna,1984
93500,2018,62989,Benzyna,1984
56500,2017,229874,Benzyna,1984
54500,2018,124300,Diesel,1598
9400,2001,120000,Benzyna,1390
96900,2017,164000,Diesel,1968
79000,2015,205000,Diesel,1968
198900,2021,75600,Diesel,1968
74900,2016,249400,Benzyna,1798
24900,2011,199000,Benzyna,1390
3500,1994,277000,Diesel,1896
23900,1963,21600,Benzyna,1200
10800,2006,378000,Diesel,1896
205900,2022,,Benzyna,1984
22900,2014,168000,Benzyna,999
25500,2009,249000,Benzyna,1595
164910,2022,10,Benzyna,1498
109270,2022,10,Benzyna,999
217020,2023,10,,
244470,2022,1,Benzyna,1984
140960,2022,5,Benzyna,1498
266400,2023,10,Benzyna,1984
125570,2022,1,Benzyna,1498
188850,2022,1,Benzyna,1984
224760,2022,10,Benzyna,1984
12000,2007,385000,Diesel,1968
74500,2011,213990,Diesel,2967
71900,2016,187000,Diesel,1968
210735,2023,6,Diesel,2000
33300,2016,147620,Diesel,1422
263762,2022,1,Benzyna,1984
22800,2009,138597,Benzyna,1390
53500,2013,196080,Diesel,1968
65500,2017,134000,Benzyna,1395
126900,2017,75000,Diesel,1968
67900,2015,240000,Diesel,1968
26500,2023,204000,Diesel,1968
22900,2023,225000,Benzyna,1984
239900,2023,5,Benzyna,1984
462230,2023,,Diesel,2967
437360,2023,,Diesel,2976
456150,2023,,Diesel,2976
517900,2023,5,Diesel,2976
98900,2023,170000,Benzyna,1395
105900,2023,164799,Diesel,1968
113000,2023,1,Benzyna,1000
96800,2023,124105,Diesel,1968
134999,2023,102999,Diesel,1968
9500,2023,270000,Diesel,1422
20499,2023,330700,Diesel,1896
35000,2023,172000,Benzyna,1390
44500,2023,116874,Benzyna,999
41900,2023,260000,Diesel,2460
80000,2023,83072,Benzyna,1395
124900,2023,151000,Benzyna,1984
6500,2023,155400,Benzyna,1198
24500,2023,233000,Diesel,2496
48999,2023,210500,Diesel,1968
110000,2023,106000,Benzyna,1984
15900,2023,345000,Diesel,1968
34700,2023,179000,Diesel,1968
69800,2023,227000,Diesel,1968
29750,2023,253000,Diesel,1598
113000,2023,1,Benzyna,1000
129970,2023,1,Benzyna,1498
111000,2023,1,Benzyna,1000
69900,2023,178000,Diesel,1968
122000,2023,106438,Diesel,1968
206900,2023,103000,Diesel,2967
53990,2023,172944,Diesel,1598
25500,2023,271500,Diesel,1598
10900,2023,214000,Diesel,1896
63900,2023,277000,Diesel,1968
69900,2023,47300,Benzyna,1395
19500,2023,370000,Diesel,1896
79950,2023,102000,Diesel,1968
33500,2023,454000,Diesel,2461
98400,2023,310440,Diesel,1968
94800,2023,67088,Benzyna,1498
402650,2023,,Benzyna,2995
379900,2023,8,Diesel,2967
283600,2023,,Diesel,1968
31600,2023,203304,Diesel,1598
124800,2023,30549,Benzyna,1498
77900,2023,115000,Benzyna,1498
98999,2023,157480,Diesel,1968
152900,2023,89977,Diesel,1968
12900,2023,224200,Benzyna,1595
19777,2023,192000,Diesel,1598
124845,2023,177000,Diesel,1968
49999,2023,215000,Diesel,1968
44900,2023,180500,Diesel,1968
27900,2023,59000,Benzyna,999
14900,2023,134600,Benzyna,1390
32500,2023,323000,Diesel,2967
27900,2023,100000,Benzyna,1390
122900,2023,5,Benzyna,1498
50900,2023,113000,Benzyna,1984
67900,2023,186000,Diesel,1968
6900,2023,280000,Benzyna,1390
219900,2023,5,Diesel,1968
229010,2023,1,Benzyna,1984
25500,2023,72000,Benzyna,999
39500,2023,75641,Benzyna,1390
31000,2023,157000,Diesel,1968
52990,2023,228973,Diesel,1968
19900,2023,1852005,Benzyna,1198
49800,2023,140000,Diesel,1968
39900,2023,90000,Benzyna,1197
40467,2023,249000,Diesel,1968
133900,2023,77000,Diesel,1968
38900,2023,148534,Benzyna,1984
74900,2023,189000,Diesel,1968
149000,2023,16500,Benzyna,1984
221854,2023,1,Benzyna,1984
259900,2023,5,,
15900,2023,100000,Benzyna,1595
347954,2023,6,Hybryda,1400
79900,2023,98000,Benzyna,1498
59000,2023,139045,Diesel,1598
164900,2023,87000,Benzyna,3600
16900,2023,169245,Benzyna,1595
124900,2023,176000,Diesel,1968
23900,2023,226700,Diesel,1968
118900,2023,168000,Diesel,1968
182800,2023,98262,Diesel,1968
68900,2023,142000,Benzyna,1984
77900,2023,250000,Diesel,2967
20600,2023,288000,Diesel,2460
29900,2023,120400,Diesel,1422
11900,2023,242145,Diesel,1896
154800,2023,5,Benzyna,1498
220600,2023,5,Benzyna,1984
244700,2023,6,Benzyna,1984
150700,2023,5,Benzyna,1498
46900,2023,259800,Diesel,1968
16900,2023,289300,Diesel,1896
119000,2023,51000,Benzyna,1498
139000,2023,6500,Benzyna,1498
33000,2023,169527,Benzyna,1798
59500,2023,339000,Diesel,1968
72000,2023,148989,Diesel,1968
38999,2023,232560,Diesel,1598
61500,2023,239000,Diesel,1968
70000,2023,149971,Benzyna,1498
12900,2023,367000,Diesel,1896
93000,2023,58000,Benzyna,1395
38900,2023,176000,Benzyna,1984
15999,2023,267000,Diesel,1896
28900,2023,186000,Diesel,1968
129900,2023,3588,Diesel,1968
35900,2023,182000,Diesel,1968
30900,2023,205697,Diesel,1968
40000,2023,248576,Diesel,1968
82000,2023,68500,Diesel,1598
171500,2023,88900,Diesel,1968
15400,2023,133000,Diesel,1598
92900,2023,180000,Diesel,1968
22900,2023,123000,Benzyna,1390
43500,2023,196200,Diesel,1968
23900,2023,156052,Diesel,1968
7800,2023,310000,Diesel,1896
38900,2023,188000,Benzyna,1798
25000,2023,396514,Diesel,1896
24400,2023,206000,Benzyna,1595
22900,2023,282700,Diesel,1896
24900,2023,99500,Benzyna,999
24600,2023,178000,Benzyna,1390
14900,2023,220300,Benzyna,1390
35000,2023,90562,Benzyna,1390
16600,2023,223000,Benzyna,1598
39999,2023,82983,Benzyna,1390
56900,2023,145400,Diesel,1598
51990,2023,78000,Benzyna,999
23000,2023,272900,Benzyna,1598
33500,2023,206000,Benzyna,1984
47900,2023,224000,Diesel,1968
119900,2023,75580,Diesel,1968
19900,2023,253600,Diesel,1968
47500,2023,179000,Diesel,1968
62900,2023,115000,Benzyna,1395
88900,2023,67000,Benzyna,1498
29999,2023,140000,Benzyna,1390
2900,2023,250000,Diesel,1896
427700,2023,125000,Diesel,3956
99000,2023,160000,Diesel,1968
31700,2023,157000,Benzyna,1198
181900,2023,122000,Diesel,1968
43990,2023,240000,Diesel,1968
164900,2023,29500,Benzyna,1984
12800,2023,253000,Diesel,1896
22900,2023,249000,Benzyna,1198
309900,2023,47850,Diesel,2967
338250,2023,126000,Diesel,2967
119310,2023,57500,Benzyna,1498
69000,2023,221000,Diesel,1968
45900,2023,183000,Benzyna,1390
63700,2023,254000,Diesel,1968
41999,2023,213324,Diesel,1598
38500,2023,310000,Diesel,1598
119000,2023,168000,Diesel,2967
25999,2023,139000,Benzyna,999
59900,2023,207000,Diesel,1968
39000,2023,148000,Diesel,1968
11900,2023,220888,Diesel,1968
67900,2023,114329,Diesel,1968
18900,2023,197900,Benzyna,1595
23800,2023,185000,Benzyna,1390
37900,2023,218000,Diesel,1968
39000,2023,132000,Diesel,1598
136600,2023,5,Benzyna,1498
18900,2023,250778,Benzyna,1595
39900,2023,284500,Diesel,1968
27900,2023,291000,Diesel,2500
176000,2023,55000,Benzyna,1984
94999,2023,125000,Benzyna,1395
23900,2023,197973,Diesel,1968
35000,2023,170000,Diesel,1968
190000,2023,4900,Benzyna,1984
149900,2023,25000,Benzyna,1498
10500,2023,331000,Diesel,1968
29600,2023,65500,Benzyna,1198
16499,2023,187000,Diesel,1896
109799,2023,72200,Benzyna,1395
8500,2023,205000,Benzyna,1781
28000,2023,192000,Diesel,1968
119000,2023,124000,Diesel,1968
22899,2023,225146,Diesel,1598
29900,2023,134550,Benzyna,1390
36500,2023,198500,Benzyna,1798
69800,2023,136000,Diesel,1968
31999,2023,72670,Benzyna,1390
59900,2023,102000,Benzyna,1395
251700,2023,6,Benzyna,1984
251700,2023,6,Benzyna,1984
41900,2023,184900,Benzyna,1984
25000,2023,230000,Diesel,1968
224700,2023,6,Benzyna,1984
12700,2023,115000,Benzyna,1198
71500,2023,232323,Diesel,1968
40900,2023,179458,Diesel,1598
4999,2023,397000,Diesel,1896
56900,2023,214123,Diesel,1968
82700,2023,103000,Diesel,1968
31500,2023,190000,Diesel,1598
157500,2023,49473,Benzyna,1395
27000,2023,242000,Diesel,1968
25500,2023,221678,Diesel,1990
15900,2023,225000,Diesel,1896
53500,2023,83200,Benzyna,999
51900,2023,68800,Benzyna,999
8880,2023,223500,Benzyna,1984
173900,2023,183000,Diesel,1968
20000,2023,301000,Diesel,1968
41500,2023,122319,Benzyna,1798
438500,2023,1,Benzyna,2995
122900,2023,99990,Benzyna,1984
21500,2023,325000,Diesel,1968
23500,2023,105500,Benzyna,999
15900,2023,214618,Diesel,1896
17900,2023,299000,Diesel,1896
8500,2023,357654,Diesel,1896
41900,2023,354000,Diesel,2461
23800,2023,173840,Benzyna,1390
169999,2023,56323,Benzyna,1984
128500,2023,34389,Benzyna,1498
98277,2023,203000,Diesel,1968
416000,2023,1,Diesel,1968
14500,2023,416000,Diesel,1968
209900,2023,169800,Diesel,1968
162220,2023,,Benzyna,1498
150500,2023,,Benzyna,1498
46500,2023,159800,Diesel,1968
66600,2023,375000,Diesel,2461
8610,2023,200000,Diesel,4921
109900,2023,5,Benzyna,999
39700,2023,96000,Benzyna,1390
87800,2023,127000,Benzyna,1395
26600,2023,231787,Diesel,1598
38900,2023,216784,Diesel,2967
40900,2023,193000,Diesel,1968
178999,2023,206120,Diesel,1968
123200,2023,5,Benzyna,999
236700,2023,6,Benzyna,1984
114200,2023,5,Benzyna,999
118900,2023,185000,Benzyna,1984
196900,2023,,Benzyna,1984
147600,2023,100089,Diesel,1968
70900,2023,122000,Diesel,1598
79900,2023,137500,Diesel,1968
20499,2023,195300,Diesel,1896
37999,2023,248700,Diesel,1968
47999,2023,163900,Diesel,1598
68990,2023,207338,Diesel,1598
233900,2023,5,Benzyna,1984
230932,2023,8,Diesel,1968
189900,2023,8,Benzyna,1984
179900,2023,61977,Benzyna,1984
31000,2023,264000,Diesel,1968
61900,2023,100500,Diesel,1598
27000,2023,149000,Benzyna,1390
37500,2023,117000,Diesel,1598
48900,2023,280000,Diesel,1968
51900,2023,110200,Diesel,1968
117900,2023,84260,Benzyna,1984
70000,2023,258000,Benzyna,1798
42300,2023,235321,Benzyna,1798
87000,2023,92000,Benzyna,1395
22900,2023,259989,Benzyna,1390
47000,2023,186600,Benzyna,1390
59400,2023,85000,Benzyna,1395
39899,2023,179588,Diesel,1968
7500,2023,387259,Diesel,1896
112000,2023,67000,Benzyna,1984
162000,2023,53000,Diesel,1968
8900,2023,155000,Benzyna,1198
17800,2023,216000,Diesel,1896
71900,2023,80000,Diesel,1598
125000,2023,62000,Benzyna,1984
7500,2023,216000,Benzyna,1390
9800,2023,287560,Diesel,1896
34900,2023,211500,Diesel,1598
60900,2023,129000,Diesel,1598
129800,2023,77000,Benzyna,1984
111930,2023,202000,Diesel,1968
20000,2023,279000,Diesel,1598
43500,2023,209000,Benzyna,1395
22900,2023,297021,Diesel,1598
49900,2023,182871,Diesel,1968
18500,2023,180000,Benzyna,1390
53700,2023,218000,Diesel,1968
5990,2023,275000,Benzyna,1781
11900,2023,393000,Diesel,1968
56900,2023,170000,Diesel,1968
209900,2023,5,,
18900,2023,288000,Diesel,1968
36900,2023,237617,Diesel,1968
57800,2023,187700,Diesel,1968
32900,2023,260000,Diesel,1598
16900,2023,157669,Benzyna,1390
88547,2023,43000,Benzyna,1498
26500,2023,106000,Benzyna,1390
74900,2023,17100,Benzyna,1395
16500,2023,392500,Diesel,1896
6850,2023,171800,Benzyna,999
174900,2023,5,,
109889,2023,70000,Benzyna,1498
22900,2023,289481,Diesel,1896
33900,2023,267000,Diesel,1968
261621,2023,10,Diesel,1968
9900,2023,159000,Benzyna,1198
12700,2023,276000,Diesel,1896
36900,2023,114000,Diesel,1968
114900,2023,112825,Diesel,1968
10900,2023,320000,Benzyna,2792
164900,2023,60849,Benzyna,1984
18500,2023,185000,Diesel,1968
13900,2023,139000,Benzyna,1198
136900,2023,49000,Benzyna,1498
137900,2023,74520,Diesel,1968
34400,2023,190000,Benzyna,4172
69500,2023,113000,Diesel,1968
108000,2023,114000,Benzyna,1984
145080,2023,1,Benzyna,1498
171900,2023,89950,Diesel,1968
89900,2023,155000,Diesel,1968
68900,2023,104000,Diesel,1598
79900,2023,175000,Diesel,1968
67900,2023,182000,Benzyna,1498
325948,2023,5,Diesel,1968
59040,2023,63737,Benzyna,999
10999,2023,231880,Diesel,1422
172670,2023,1,Benzyna,1498
167400,2023,1,Benzyna,1498
82000,2023,54022,Benzyna,1498
26900,2023,192479,Benzyna,1390
93000,2023,49261,Benzyna,1498
109800,2023,98000,Benzyna,1395
125000,2023,68500,Benzyna,1984
108900,2023,5,Benzyna,1498
186000,2023,17134,Diesel,1968
299999,2023,27040,Diesel,1968
345000,2023,10,Benzyna,1984
27900,2023,228888,Diesel,1968
73000,2023,179409,Diesel,1968
126690,2023,92000,Diesel,1968
13499,2023,198666,Benzyna,1390
95000,2023,254724,Diesel,2967
26900,2023,256096,Diesel,2967
15800,2023,300600,Diesel,1896
42000,2023,267000,Diesel,2461
115000,2023,186700,Diesel,1968
33900,2023,103000,Benzyna,1197
248829,2023,10,Diesel,1968
15000,2023,316000,Diesel,1968
14900,2023,246906,Diesel,1896
31750,2023,130090,Benzyna,1798
105000,2023,154800,Benzyna,1984
33999,2023,249000,Diesel,1968
6999,2023,315000,Diesel,1896
19900,2023,180000,Benzyna,1595
56999,2023,248000,Diesel,1598
74900,2023,166700,Benzyna,1798
20500,2023,205082,Diesel,1968
290882,2023,10,Diesel,1968
15900,2023,150000,Benzyna,1198
59899,2023,93231,Diesel,1598
66900,2023,170000,Diesel,1968
99900,2023,106042,Benzyna,1395
116800,2023,5,Benzyna,999
49000,2023,162000,Benzyna,1390
94900,2023,187608,Diesel,1968
120200,2023,5,Benzyna,999
76700,2023,180000,Diesel,1968
17900,2023,269174,Diesel,1896
305000,2023,150,Benzyna,1984
60000,2023,64000,Benzyna,1197
16600,2023,250000,Diesel,1896
152520,2023,72600,Benzyna,1984
87000,2023,148000,Diesel,1968
84900,2023,178200,Benzyna,1984
11900,2023,213000,Benzyna,1390
21900,2023,209000,Benzyna,1390
184500,2023,1,Diesel,1968
38500,2023,138566,Benzyna,1197
42900,2023,219021,Diesel,1968
79999,2023,225000,Diesel,1968
58425,2023,190000,Benzyna,1984
106900,2023,138700,Diesel,1968
126900,2023,153129,Diesel,1968
51900,2023,81500,Benzyna,999
356700,2023,55000,Diesel,2967
79900,2023,194711,Diesel,1968
7900,2023,201100,Benzyna,1390
29900,2023,198545,Benzyna,1390
75000,2023,150000,Diesel,1968
109900,2023,54000,Benzyna,1498
42000,2023,88000,Benzyna,2480
12900,2023,292284,Diesel,1968
75000,2023,292000,Diesel,2967
42900,2023,257900,Diesel,1968
55900,2023,219000,Benzyna,1395
37000,2023,186000,Benzyna,1197
6500,2023,230000,Diesel,1968
24900,2023,302000,Diesel,1896
109800,2023,118100,Diesel,1968
32900,2023,201120,Benzyna,1200
189900,2023,14000,Benzyna,1984
62900,2023,133000,Diesel,1968
41500,2023,213000,Benzyna,1798
39900,2023,93000,Benzyna,999
89500,2023,165000,Benzyna,1798
48900,2023,202000,Diesel,1968
5250,2023,279682,Benzyna,1390
19000,2023,259265,Diesel,1968
51900,2023,171980,Diesel,1598
30600,2023,190000,Diesel,1968
37900,2023,216250,Diesel,1968
43500,2023,21000,Benzyna,999
43600,2023,276200,Diesel,1968
22000,2023,322222,Diesel,1968
104000,2023,50000,Benzyna,1498
26999,2023,72300,Benzyna,1390
158300,2023,,Benzyna,1500
35999,2023,240500,Diesel,1598
97900,2023,5,Benzyna,1000
59999,2023,231500,Diesel,1968
27999,2023,195000,Benzyna,1390
73000,2023,150500,Diesel,1968
59900,2023,129000,Diesel,1598
60700,2023,218000,Diesel,1598
37900,2023,223000,Diesel,1968
96900,2023,170000,Diesel,1968
89900,2023,120000,Benzyna,1395
89900,2023,69000,Benzyna,1395
263700,2023,6,Benzyna,1984
299900,2023,5,Diesel,1968
119900,2023,128400,Diesel,1968
86900,2023,86900,Benzyna,1395
109900,2023,32000,Benzyna,1498
234900,2023,,Benzyna,1984
61000,2023,138000,Benzyna,1395
31857,2023,321500,Diesel,1896
92250,2023,117000,Benzyna,1798
111900,2023,5,Benzyna,999
439900,2023,5,Diesel,2967
18500,2023,307000,Diesel,1968
208500,2023,,Benzyna,1984
57900,2023,168991,Benzyna,1798
19999,2023,197000,Diesel,1598
42000,2023,162245,Diesel,1968
15200,2023,217000,Benzyna,1390
58900,2023,139000,Diesel,1598
28500,2023,184000,Benzyna,1595
38000,2023,60000,Benzyna,1390
24500,2023,327000,Diesel,4921
47900,2023,223188,Diesel,1968
50900,2023,142700,Diesel,1968
63900,2023,21887,Benzyna,1498
59000,2023,149000,Benzyna,1395
9900,2023,306000,Benzyna,1984
25800,2023,159000,Benzyna,1390
48900,2023,320000,Diesel,1968
32500,2023,101881,Benzyna,999
52500,2023,221533,Diesel,1968
15000,2023,316000,Diesel,2400
39000,2023,200000,Diesel,2967
15900,2023,212200,Diesel,1968
57999,2023,103000,Diesel,1598
124700,2023,8176,Benzyna,1498
124700,2023,8126,Benzyna,1498
7699,2023,400000,Diesel,1968
39999,2023,125000,Benzyna,1984
24900,2023,165000,Diesel,1968
224900,2023,10,,
54900,2023,133000,Benzyna,999
38000,2023,145000,Benzyna,1197
25000,2023,296000,Diesel,2460
112900,2023,116500,Diesel,1968
39000,2023,154247,Benzyna,1984
111578,2023,3267,Benzyna,1984
31500,2023,270000,Diesel,1968
208500,2023,,Benzyna,1984
39900,2023,169000,Benzyna,1390
60000,2023,324731,Diesel,1600
35900,2023,200000,Diesel,1968
129900,2023,1,Benzyna,1498
13900,2023,144000,Benzyna,1984
128900,2023,1,Benzyna,1498
69900,2023,137518,Diesel,1968
74900,2023,185000,Benzyna,1798
61500,2023,242700,Diesel,4921
34700,2023,45000,Benzyna,999
217000,2023,5,Benzyna,1984
9900,2023,390000,Diesel,1968
85900,2023,56000,Diesel,1968
6300,2023,185000,Benzyna,1390
59799,2023,206000,Diesel,1968
29999,2023,329000,Diesel,2967
82500,2023,182450,Diesel,1968
93900,2023,99000,Diesel,1968
62900,2023,272000,Diesel,1968
20900,2023,236000,Diesel,1968
18900,2023,246000,Benzyna,1595
22900,2023,350000,Diesel,1968
287784,2023,13900,Diesel,2967
30900,2023,197000,Diesel,1598
98900,2023,135000,Benzyna,1984
109900,2023,80000,Benzyna,1498
23900,2023,80900,Benzyna,1198
119900,2023,16100,Diesel,1968
34900,2023,187000,Diesel,1968
26900,2023,20000,Benzyna,999
26900,2023,216000,Diesel,1422
16000,2023,429500,Diesel,2461
106900,2023,14290,Benzyna,1498
86500,2023,12500,Benzyna,999
68900,2023,118000,Benzyna,1395
79827,2023,198000,Diesel,1968
158500,2023,96000,Diesel,1968
28900,2023,228500,Benzyna,1390
69500,2023,187000,Diesel,1968
33500,2023,85400,Benzyna,999
132900,2023,39000,Diesel,1968
202000,2023,5180,Benzyna,1984
31000,2023,181700,Benzyna,1390
67700,2023,70000,Diesel,1968
149999,2023,55476,Diesel,1968
95000,2023,77900,Benzyna,1984
39900,2023,214300,Benzyna,3597
58000,2023,290000,Diesel,1968
14900,2023,170239,Benzyna,1198
58900,2023,146000,Benzyna,1984
33800,2023,93700,Diesel,1422
49500,2023,156000,Benzyna,3600
17900,2023,150000,Benzyna,1390
91000,2023,169000,Diesel,1968
9800,2023,230000,Diesel,1896
125900,2023,1,Benzyna,1498
17900,2023,144000,Benzyna,1595
17700,2023,264000,Diesel,1968
54900,2023,219211,Benzyna,1984
131500,2023,1447,Benzyna,1498
41900,2023,276400,Diesel,2967
113900,2023,5,Benzyna,999
172500,2023,1,Benzyna,1498
43972,2023,87000,Benzyna,1984
198400,2023,,Diesel,1968
35900,2023,208000,Diesel,1968
74900,2023,49000,Benzyna,1395
160500,2023,1,Benzyna,1498
75000,2023,310000,Diesel,1968
90000,2023,206000,Diesel,1968
23500,2023,308000,Diesel,2461
89900,2023,219387,Diesel,1968
35500,2023,153000,Benzyna,1984
29500,2023,205000,Diesel,1598
23999,2023,238000,Diesel,1598
8900,2023,195000,Benzyna,1198
69900,2023,135500,Benzyna,1395
39900,2023,66500,Benzyna,999
132900,2023,149000,Benzyna,1984
89900,2023,111296,Diesel,1968
23400,2023,143058,Benzyna,1390
256000,2023,5,Benzyna,1984
25900,2023,176100,Benzyna,1390
82900,2023,89000,Diesel,1968
58900,2023,120424,Diesel,1968
89900,2023,186000,Diesel,1968
88900,2023,75000,Diesel,1968
76990,2023,158000,Diesel,1968
119900,2023,108150,Benzyna,1984
61000,2023,245000,Diesel,1968
112000,2023,33763,Benzyna,1498
38900,2023,140673,Diesel,1968
40900,2023,215000,Diesel,1968
90000,2023,85000,Benzyna,1984
62900,2023,144124,Diesel,1598
255000,2022,10,,
20900,2008,256634,Diesel,1968
53000,2011,165000,Benzyna,1984
26200,2004,200000,Diesel,2461
8499,2008,171596,Benzyna,1798
68500,2019,168000,Diesel,1968
79900,2018,193500,Diesel,1968
9800,2007,232149,Diesel,1422
104000,2017,64077,Benzyna,1498
28900,2011,276300,Diesel,1598
139900,2019,63600,Diesel,1968
23900,2009,212380,Diesel,1968
99900,2016,74999,Benzyna,1798
87100,2017,138284,Diesel,2000
73300,2016,131962,Diesel,1968
23900,2010,268884,Diesel,1968
42900,2012,208000,Diesel,1968
256900,2022,5,,
63345,2012,285000,Diesel,1968
222900,2022,1,Benzyna,1984
3500,2001,260000,Benzyna,1984
13500,1994,159500,Benzyna,1984
75000,2015,242565,Diesel,1968
4900,2000,275000,Benzyna,1390
4900,2000,237000,Benzyna,1598
77900,2015,178200,Diesel,1968
189900,2019,50150,Diesel,1968
79900,2017,42600,Benzyna,1798
46600,2012,184265,Diesel,1968
73900,2019,104658,Diesel,1968
109900,2017,72616,Benzyna,1984
22999,2005,140000,Benzyna,1984
24500,2009,260000,Diesel,1896
31600,2012,204000,Diesel,1598
51500,2017,130947,Diesel,1968
26900,2005,244991,Benzyna,1984
227900,2022,1,Benzyna,1984
13900,2004,208000,Benzyna,1984
94900,2017,107174,Diesel,1968
349900,2023,5,Diesel,2967
25500,2004,280000,Benzyna,4172
33900,2016,50302,Benzyna,999
74000,2015,159000,Diesel,1968
172900,2018,70000,Diesel,1968
133600,2022,,Benzyna,999
11500,2007,167000,Benzyna,1198
16900,2007,332000,Diesel,1896
67900,2019,45000,Benzyna,1000
20900,2008,290000,Diesel,1598
5100,2004,399000,Diesel,1896
14900,2005,256210,Diesel,1968
14900,2005,256210,Diesel,1968
119800,2017,77600,Benzyna,1984
37900,2018,55590,Benzyna,999
98000,2014,170788,Diesel,2967
102900,2022,1,Benzyna,999
114900,2018,88062,Benzyna,1395
123000,2021,25750,Diesel,1968
47500,2015,182000,Diesel,1598
9000,2001,257000,Diesel,1896
153400,2021,21000,Benzyna,1984
10000,2003,324000,Diesel,1896
89100,2018,119042,Diesel,1968
24700,2010,170000,Benzyna,1198
93999,2018,44000,Benzyna,1798
79777,2019,89800,Benzyna,1498
99800,2019,97000,Diesel,1968
62500,2015,102335,Benzyna,1997
79900,2019,125671,Diesel,1968
65500,2016,284000,Diesel,1968
179900,2019,159000,Diesel,1968
113490,2022,6,Benzyna,999
112580,2022,5,Benzyna,999
159940,2022,6,Benzyna,1498
44700,2013,188000,Diesel,1598
122190,2022,5,Benzyna,999
37900,2010,238000,Diesel,1968
49700,2016,130000,Diesel,1422
44500,2013,150000,Diesel,1598
99900,2022,9,Benzyna,999
12900,2006,299600,Benzyna,1595
212000,2017,144000,Diesel,1968
92900,2020,37000,Diesel,1968
212000,2017,144000,Diesel,1968
92900,2020,37000,Diesel,1968
16999,2005,132000,Benzyna,1595
209990,2022,5,Benzyna,1984
44800,2010,231042,Diesel,1968
52900,2018,152323,Diesel,1598
12800,2005,223000,Benzyna,1984
99900,2018,215000,Diesel,2000
34600,2013,178285,Diesel,1598
54700,2018,149000,Diesel,1598
20800,2007,280000,Diesel,2000
9900,2003,269000,Diesel,1896
99100,2023,8,Benzyna,999
250630,2022,1,Benzyna,1984
21800,2011,150000,Diesel,1199
4200,1999,309250,Benzyna,1595
56700,2015,148455,Benzyna,1395
13900,2005,299000,Diesel,2000
19800,2008,220000,Diesel,1896
88900,2016,99285,Diesel,1968
28900,2010,215661,Diesel,1968
38600,2015,115000,Diesel,1598
39900,2017,197554,Benzyna,1197
31997,2011,314000,Diesel,1968
269900,2022,10925,Benzyna,1984
27997,2010,227000,Diesel,1598
9900,2006,284000,Diesel,1422
66420,2016,198500,Diesel,1968
165560,2022,9,Benzyna,1498
106900,2019,56500,Benzyna,1498
36900,2011,187100,Benzyna,1984
41900,2015,129100,Benzyna,1197
88900,2013,280000,Diesel,2967
7999,2000,278000,Diesel,1896
169740,2020,88000,Benzyna,1984
85900,2017,112280,Benzyna,1984
67000,2018,74000,Diesel,1598
132900,2019,69443,Benzyna,1984
114900,2019,55507,Diesel,1968
179900,2022,6100,Benzyna,1984
117900,2020,11230,Benzyna,1498
125900,2018,139940,Diesel,1968
16000,2003,385000,Diesel,1896
39900,2017,54233,Benzyna,999
62000,2018,265000,Diesel,1598
105900,2019,98000,Diesel,1968
17900,2006,179000,Benzyna,1595
35500,2011,242123,Benzyna,1197
109900,2018,130000,Diesel,1968
39000,2008,330000,Diesel,2461
41500,2019,16052,Benzyna,999
26800,2008,171470,Diesel,1896
35900,2010,245000,Diesel,1968
149900,2023,10,Benzyna,1498
274780,2023,,,
151800,2023,1,Benzyna,1498
9900,2003,180000,Benzyna,1198
18900,2006,209025,Benzyna,1598
41500,2018,13586,Benzyna,1395
389000,2019,129189,Diesel,3956
83900,2018,154818,Diesel,1968
170000,1978,67000,Benzyna,2000
43900,2016,174160,Diesel,1598
75000,2016,107000,Diesel,1598
66000,2015,88200,Diesel,1968
15900,2015,99000,Diesel,1598
17500,2006,377000,Diesel,1968
8490,1997,774881,Diesel,2461
35900,2014,215000,Diesel,1598
119500,2020,21700,Benzyna,1498
28900,2012,145000,Diesel,1968
8499,2004,385545,Diesel,1896
129990,2017,122000,Diesel,1968
276800,2022,29600,Benzyna,1984
13900,2013,161000,Benzyna,1390
24600,2009,217920,Diesel,1968
144900,2023,1,Benzyna,1498
76500,2017,85060,Benzyna,1395
207700,2020,16000,Diesel,1968
70900,2018,79000,Benzyna,1498
44999,2013,175000,Diesel,1968
45900,2011,218657,Diesel,1968
18900,2008,215900,Diesel,1896
159900,2023,10,Benzyna,1498
477900,2023,5,Diesel,2967
20900,2015,108000,Diesel,1598
23500,2008,283376,Diesel,1896
14900,2006,299000,Diesel,1896
11000,2009,403400,Benzyna,1390
15600,2008,284000,Diesel,1896
73900,2013,62000,Diesel,1968
129900,2017,99233,Diesel,1968
35900,2012,267000,Diesel,1968
67500,2014,153000,Diesel,1968
151600,2023,6,Benzyna,1498
38900,2010,195500,Diesel,1968
151600,2023,6,Benzyna,1498
38900,2010,195500,Diesel,1968
196075,2022,5,Benzyna,1984
27000,2010,158000,Benzyna,1798
10500,1996,687819,Benzyna,2459
61880,2017,96000,Diesel,1598
38700,2012,264000,Benzyna,1984
279900,2022,1,Benzyna,1984
114900,2017,171500,Benzyna,1984
13499,2006,237000,Benzyna,1595
27900,2009,245000,Diesel,2000
165900,2020,91148,Diesel,1968
159000,2018,39730,Benzyna,1984
87900,2012,153000,Diesel,3000
39900,2014,55000,Benzyna,1000
71900,2017,169000,Diesel,2000
33900,2016,54000,Benzyna,999
101900,2020,30684,Benzyna,1498
44999,2015,261565,Diesel,1598
20900,2009,190000,Benzyna,1390
39900,2011,114000,Benzyna,1800
34000,2016,121000,Diesel,1422
23900,2010,237000,Diesel,2000
119900,2020,67363,Benzyna,1498
35900,2011,255000,Diesel,1598
42900,2015,63000,Benzyna,1200
442440,2023,1,Diesel,2967
79900,2017,121888,Diesel,1968
98500,2020,38400,Benzyna,1498
23900,2009,110000,Benzyna,1390
11900,2005,329000,Diesel,1995
19900,2008,380000,Benzyna,1984
65190,2012,251392,Diesel,1968
19999,2007,187900,Diesel,1896
144900,2023,10,Benzyna,1498
259900,2022,10,Benzyna,1984
11700,2008,197000,Benzyna,1198
104990,2017,148000,Diesel,1968
209500,2022,7,Benzyna,1984
48900,2012,196000,Benzyna,1390
60900,2019,114500,Benzyna,999
9950,2002,215000,Benzyna,1198
225900,2023,,Diesel,1984
11700,2003,153000,Benzyna,1390
92000,2023,1,Benzyna,999
61900,2017,130830,Diesel,1598
76900,2016,127769,Benzyna,1798
104500,2023,1,Benzyna,999
149740,2022,6,Benzyna,1498
120000,2020,75000,Benzyna,1984
28900,2015,203900,Benzyna,1981
17900,2006,252300,Diesel,1968
24500,2011,149000,Benzyna,1197
31242,2016,232974,Diesel,1598
23900,2009,123000,Benzyna,1198
64900,2015,208000,Diesel,1968
133570,2022,6,Benzyna,1498
22900,2010,189000,Benzyna,1390
15000,2005,363000,Diesel,1896
10500,2005,319200,Diesel,1968
92000,2017,175000,Diesel,1968
23500,2008,198000,Benzyna,1800
27000,2011,79000,Benzyna,1198
38800,2012,263649,Diesel,1968
27000,2011,79000,Benzyna,1198
38800,2012,263649,Diesel,1968
38900,2012,146000,Benzyna,1390
22000,2014,200000,Benzyna,1981
23900,2009,199000,Diesel,1968
117500,2023,8,Benzyna,999
280080,2022,1,Benzyna,1984
14300,2006,258300,Diesel,1896
2999,1997,300000,Benzyna,1781
65799,2018,99851,Diesel,1598
18999,2017,76000,Benzyna,999
79900,2014,121000,Diesel,1968
270680,2022,1,Benzyna,1984
28900,2009,183000,Benzyna,1595
42900,2023,57000,Benzyna,1197
76900,2023,5,Benzyna,999
28800,2008,266800,Diesel,1896
109470,2018,145000,Diesel,1968
55900,2012,275000,Diesel,2967
23900,2009,326466,Diesel,2000
11500,2005,346710,Diesel,1968
87900,2020,27823,Benzyna,999
101900,2020,25146,Benzyna,1498
17700,2009,149000,Benzyna,1198
202000,2022,2249,Benzyna,1984
99900,2020,42100,Benzyna,1498
110300,2022,11,Benzyna,999
492500,2023,5,Diesel,2967
214410,2023,10,Benzyna,1984
79799,2019,53017,Benzyna,1498
13900,2003,267967,Diesel,1968
118500,2023,6,Benzyna,999
2800,1999,256442,Benzyna,1390
97400,2016,143293,Diesel,1968
59900,2018,61429,Benzyna,999
35900,2011,280000,Diesel,1968
109200,2022,1,Benzyna,999
22900,2009,166000,Benzyna,1198
175900,2020,47038,Benzyna,1984
132900,2018,110082,Diesel,1968
73000,2018,206000,Diesel,1598
83900,2016,212000,Benzyna,1984
289590,2022,,Benzyna,1984
153750,2022,1,Benzyna,1498
37900,2009,230000,Diesel,1968
108500,2023,,Benzyna,999
181550,2022,1,Diesel,1968
203300,2023,5,Benzyna,1498
84900,2020,27194,Benzyna,999
82000,2015,108354,Diesel,1968
43050,2012,208200,Diesel,1968
132300,2023,1,Diesel,1968
104000,2017,121152,Benzyna,1395
62900,2017,110000,Benzyna,1395
55900,2017,213400,Benzyna,1395
27000,1969,63268,Benzyna,1500
246000,2022,42000,Diesel,1968
44900,2014,143600,Diesel,1598
90999,2017,170000,Benzyna,1984
19434,2007,305978,Diesel,1896
59900,2017,268000,Benzyna,1798
48900,2016,92505,Benzyna,1984
,2014,88000,,
2500,1998,285298,Benzyna,1595
,2014,88000,,
2500,1998,285298,Benzyna,1595
35700,2011,244323,Diesel,1598
52900,2018,138146,Diesel,1598
57800,2016,231000,Diesel,1968
68900,2018,88000,Benzyna,1498
148900,2020,37467,Diesel,1968
17900,1995,199000,Diesel,2370
211560,2023,5,Diesel,1968
404202,2023,5,Diesel,1968
44000,2013,264074,Diesel,1968
239837,2023,5,Diesel,1968
68900,2018,238705,Diesel,1968
372628,2023,5,Diesel,1968
190527,2023,5,Diesel,1968
176997,2023,5,Diesel,1968
157000,2021,29968,Benzyna,1498
361595,2023,5,Diesel,1968
97900,2020,67425,Benzyna,1498
59900,2018,89000,Diesel,1598
15999,2007,347000,Diesel,1968
42900,2011,236000,Diesel,1968
55900,2020,98000,Benzyna,999
108150,2022,1,Benzyna,1000
105650,2022,1,Benzyna,1000
39000,2014,297479,Diesel,1968
34500,2016,110000,Benzyna,999
145000,2023,10,Benzyna,1498
27800,2010,193800,Diesel,1598
88500,2016,108227,Benzyna,1984
6799,1999,269005,Benzyna,1984
99950,2022,1,Benzyna,1000
186700,2022,1,Diesel,1968
244990,2022,5,,
63700,2018,145905,Diesel,1598
123000,2023,1,Benzyna,1498
24900,2014,188000,Benzyna,999
25900,2014,120000,Diesel,1199
41900,2011,208120,Diesel,1968
178730,2022,8,Benzyna,1984
18900,2006,219001,Benzyna,1595
52900,2015,117006,Benzyna,1395
55000,2009,204000,Diesel,2967
88888,2018,162700,Diesel,1968
88950,2017,192000,Diesel,1968
33000,2011,215000,Diesel,1968
219900,2018,50900,Benzyna,1984
31900,2010,175800,Benzyna,1390
46500,2016,84000,Benzyna,1395
53400,2014,145714,Diesel,1968
205680,2023,5,Benzyna,1498
37990,2009,198000,Benzyna,1984
95000,2016,182000,Diesel,1968
24900,2012,216000,Diesel,1199
52500,2015,107000,Benzyna,1984
143000,2014,150000,Diesel,1986
121600,2023,5,Benzyna,1498
65999,2009,310000,Diesel,1968
55900,2014,298000,Diesel,1968
55700,2017,305000,Diesel,1968
33500,2012,278951,Diesel,1968
23990,2009,145268,Benzyna,1390
97900,2019,29597,Benzyna,999
19900,2009,182000,Benzyna,1390
226900,2023,1,Benzyna,1984
145900,2022,3578,Diesel,1968
40500,2014,144318,Benzyna,1197
134900,2022,10,Benzyna,1498
111500,2023,1,Benzyna,999
38990,2013,185000,Diesel,1598
18400,2007,180000,Diesel,1896
139900,2017,66750,Benzyna,1984
128500,2023,1,Benzyna,1498
46900,2013,199000,Benzyna,1390
20900,2008,274000,Diesel,1896
94800,2017,125000,Diesel,1968
33500,2013,175698,Benzyna,1197
87900,2019,45500,Benzyna,999
68900,2019,57101,Benzyna,999
87900,2019,87000,Diesel,1968
27000,2011,115050,Benzyna,1198
86180,2022,1448,Benzyna,999
72900,2016,169711,Diesel,1968
24900,2010,176000,Benzyna,1197
46500,2016,156918,Diesel,1598
16900,2009,250000,Diesel,1896
84000,2011,340000,Diesel,2000
139000,2017,136000,Diesel,1968
63500,2016,133846,Benzyna,1395
189900,2022,,Benzyna,1984
69990,2017,127000,Diesel,1968
22900,2006,235000,Diesel,1896
59900,2018,166170,Diesel,1968
36999,2011,199637,Benzyna,1390
59900,2013,121400,Benzyna,1984
32900,2008,215000,Benzyna,1390
17750,2008,239139,Benzyna,1595
187500,2022,1,Benzyna,1984
23900,2009,205000,Diesel,1968
45000,2015,140007,Diesel,1598
79900,2019,76900,Benzyna,1498
39900,2012,149000,Benzyna,1390
19900,2008,212000,Benzyna,1390
15900,2007,243000,Benzyna,1984
16900,2008,259000,Diesel,1896
19900,2009,201000,Benzyna,1390
31500,2016,105000,Benzyna,1984
159900,2018,59753,Benzyna,1984
17900,2005,288000,Diesel,1896
42700,2015,116000,Benzyna,1197
17500,2006,259236,Benzyna,1390
19900,2008,255000,Diesel,1968
16900,2006,219000,Diesel,1896
21900,2007,232000,Diesel,1900
58900,2015,246000,Diesel,1598
46500,2011,230000,Diesel,1968
36900,2012,213000,Diesel,1968
24500,2012,260129,Benzyna,1198
88900,2017,99300,Benzyna,1395
137900,2018,63000,Benzyna,1984
194920,2022,1,Benzyna,1498
36500,2011,257874,Diesel,1598
19800,2007,132000,Benzyna,1598
256000,2023,10,Benzyna,1984
123000,2022,1,Benzyna,1498
16900,2007,174000,Benzyna,1390
8400,2001,244000,Benzyna,1598
25400,2012,114200,Benzyna,1197
129900,2020,53703,Benzyna,1984
25400,2012,114200,Benzyna,1197
26500,2008,228000,Benzyna,1390
15000,2005,173000,Benzyna,1390
4200,2002,278000,Benzyna,1198
101900,2023,,Benzyna,999
151780,2023,,Benzyna,1498
109900,2019,136700,Diesel,1968
116900,2020,22114,Benzyna,1498
222900,2019,57700,Benzyna,2995
56500,2015,190000,Diesel,1968
69900,2017,141000,Benzyna,1798
15800,2006,219800,Diesel,1896
489500,2023,5,Diesel,2967
273630,2023,7,Benzyna,1948
158990,2023,5,Diesel,1968
167990,2023,5,Diesel,1968
230150,2022,5,Benzyna,1984
15900,2015,97430,Benzyna,999
107000,2023,7,Benzyna,999
19900,2012,110000,Benzyna,999
65000,2017,152457,Diesel,1968
64900,2016,129000,Benzyna,1395
40900,2014,250000,Diesel,1968
93900,2016,191000,Diesel,1968
19990,2004,382897,Diesel,1896
47500,2015,440000,Diesel,1968
39500,2013,264000,Diesel,1598
9000,2002,220400,Diesel,1896
51500,2017,205000,Diesel,1598
103799,2018,136329,Diesel,1968
19900,2010,200000,Benzyna,1197
235631,2023,6,Diesel,2000
89900,2020,10887,Benzyna,999
79900,2015,70035,Diesel,1968
125900,2023,,Benzyna,1498
142000,2017,123000,Diesel,1968
95900,2018,87460,Diesel,1968
268670,2023,7,Diesel,1968
41900,2012,147000,Diesel,1968
39500,2013,197000,Diesel,1598
56900,2013,104000,Benzyna,1390
124900,2019,34609,Benzyna,1498
39900,2010,175000,Diesel,1968
52500,2002,219170,Benzyna,3189
3500,1999,331000,Diesel,1896
53000,2015,115889,Diesel,1598
41900,2011,332000,Diesel,1968
84900,2017,72000,Diesel,1968
114900,2019,37585,Benzyna,1498
73700,2017,155197,Diesel,1968
165700,2020,39400,Diesel,1968
95899,2021,12305,Benzyna,999
142000,2018,82500,Diesel,1968
51900,2018,70000,Benzyna,999
312000,2022,10,Benzyna,1984
99900,2023,1,Benzyna,999
475900,2023,5,Diesel,2967
17999,2006,175000,Benzyna,1390
126900,2022,10,Benzyna,1498
146980,2023,7,Benzyna,1498
12900,2011,186085,Diesel,1199
44600,2015,108000,Diesel,1968
47700,2015,262877,Benzyna,1395
47700,2015,262877,Benzyna,1395
13900,2005,137100,Benzyna,1390
59900,2016,283610,Diesel,1968
23000,2009,256000,Benzyna,1595
124900,2017,106883,Benzyna,1984
56900,2022,3500,Benzyna,1498
76900,2016,189416,Diesel,1968
126900,2019,69450,Diesel,3956
62900,2017,228000,Diesel,1968
115000,2017,46049,Diesel,1968
234900,2019,99250,Diesel,2967
25900,2013,179000,Benzyna,999
120000,2018,165000,Diesel,1968
,2019,89000,Diesel,1598
71217,2019,181300,Benzyna,1400
38500,2011,207410,Diesel,1968
114021,2021,43500,Benzyna,2995
138900,2022,1,Diesel,2000
107900,2017,140240,Diesel,1968
76900,2017,89610,Benzyna,1395
59900,2018,52294,Benzyna,999
84900,2018,104880,Diesel,1968
95200,2019,146200,Diesel,1968
178900,2020,41200,Diesel,1968
63900,2018,194000,Benzyna,1798
137500,2023,1,Benzyna,1498
32900,2013,88950,Benzyna,1197
31000,2013,217000,Diesel,1598
123000,2017,129000,Benzyna,1984
76900,2017,265000,Diesel,1968
59999,2015,290000,Diesel,1968
9500,2005,113500,Benzyna,1198
21900,2006,390000,Diesel,2461
50000,2017,73000,Benzyna,1395
94900,2019,33260,Benzyna,1498
72900,2016,164100,Diesel,1968
185000,2023,5,Diesel,1968
8900,2004,220000,Benzyna,1595
18300,2007,219800,Diesel,1896
38700,2011,273124,Benzyna,1984
16500,2004,204560,Diesel,1968
13800,2006,260000,Diesel,1968
90900,2020,167000,Diesel,1968
109900,2018,144400,Diesel,1968
23900,2012,121250,Benzyna,1198
144900,2019,72200,Benzyna,1984
34900,2013,190000,Diesel,1598
43900,2014,198000,Diesel,1968
57900,2017,160020,Diesel,1598
65400,2017,164000,Diesel,1968
8900,2004,307000,Diesel,1896
42900,2014,153000,Diesel,1968
208250,2023,,Benzyna,1984
125000,2021,11150,Benzyna,1498
8950,2005,268000,Diesel,1896
305999,2022,8,,
171000,2023,7,Benzyna,1498
8500,2003,274000,Benzyna,1390
41205,2017,84300,Benzyna,999
53900,2015,219000,Diesel,1598
482500,2023,5,Diesel,2967
133890,2022,5,Benzyna,1498
49000,2018,68000,Benzyna,999
44900,2014,186833,Diesel,1968
22900,2008,212000,Benzyna,1390
45900,2012,224600,Diesel,1968
84799,2017,124965,Benzyna,1798
18400,2008,161000,Diesel,1896
219900,2021,19400,Diesel,1968
155000,2020,22318,Benzyna,1984
116990,2022,12,Benzyna,999
32000,2010,75234,Benzyna,1390
54500,2015,140000,Benzyna,1798
74907,2017,205000,Diesel,1968
19900,2008,361500,Diesel,1968
209700,2022,1,Diesel,2000
135900,2019,97000,Benzyna,1984
79900,2012,229000,Diesel,2967
21800,2009,187000,Benzyna,1390
35900,2013,256400,Diesel,1968
43600,2015,250000,Diesel,1598
328030,2022,1,Benzyna,1984
79900,2019,206714,Benzyna,1498
214900,2023,3,Diesel,1968
155900,2020,95495,Diesel,1968
161800,2022,10,Benzyna,1498
9700,2007,131979,Benzyna,1390
86900,2020,97330,Benzyna,999
36777,2011,194000,Diesel,1598
185880,2023,,Benzyna,1984
29900,2008,184500,Benzyna,1390
39900,2011,207394,Benzyna,1390
25500,2008,275000,Diesel,2460
46900,2014,361055,Diesel,1968
291880,2022,1,Benzyna,1984
116850,2020,28000,Diesel,1968
89900,2017,152210,Diesel,1968
86100,2019,43639,Diesel,1968
139799,2018,108486,Diesel,1968
44999,2011,251000,Diesel,1968
77900,2017,141312,Diesel,1968
69000,2017,118000,Benzyna,1798
29900,2011,220000,Diesel,1968
58899,2018,37000,Benzyna,999
20900,2008,220000,Benzyna,1595
168340,2022,10,Benzyna,1498
239600,2022,10,Diesel,1968
424600,2023,5,Diesel,1968
199200,2023,3,Diesel,1968
47900,2019,186583,Diesel,1598
47500,2018,225800,Diesel,1598
9399,2007,170148,Benzyna,1390
92988,2016,201221,Hybryda,1395
117799,2019,72705,Diesel,1968
31600,2011,284000,Diesel,1968
123500,2023,1,Benzyna,1498
15900,2006,263000,Benzyna,1984
94900,2019,142523,Benzyna,1498
93000,2017,108000,Benzyna,1984
16500,2012,184000,Diesel,1598
139605,2017,80500,Diesel,1968
8000,2003,255000,Benzyna,1390
17900,2008,283250,Diesel,1968
23900,2009,290000,Diesel,1968
216865,2022,5,Benzyna,1984
58500,2008,190685,Diesel,2460
69000,2015,83000,Benzyna,1798
121500,2023,1,Benzyna,1498
34700,2011,130000,Benzyna,1390
33500,2008,289128,Diesel,1968
46900,2012,207240,Diesel,1968
13900,2008,305000,Benzyna,1390
9900,2003,233000,Benzyna,1198
84900,2016,205000,Diesel,1968
17900,2005,312000,Diesel,1896
65900,2011,340356,Diesel,2967
49900,2013,297000,Diesel,1968
47900,2018,134750,Benzyna,999
32990,2012,181384,Diesel,1598
151400,2023,,Benzyna,1498
119900,2022,7,Diesel,1968
24000,2013,359000,Diesel,1598
6900,1998,172566,Benzyna,1390
114900,2019,42370,Benzyna,1498
94900,2022,10,Benzyna,999
136500,2022,8,Benzyna,1498
112900,2019,52255,Benzyna,1498
39900,2009,216000,Benzyna,1984
37900,2012,284000,Diesel,1968
85800,2019,158391,Diesel,1968
35900,2012,207000,Benzyna,1390
244600,2017,95400,Diesel,1968
123000,2018,28300,Benzyna,1498
19900,2007,299105,Diesel,1968
15900,2006,169780,Benzyna,1198
108900,2017,96627,Benzyna,1395
404900,2023,5,Diesel,2967
119909,2019,40000,Benzyna,1498
33900,2011,105600,Diesel,1598
49900,2012,181000,Benzyna,1390
49900,2012,181000,Benzyna,1390
169900,2023,5,Benzyna,1498
250920,2022,1,Diesel,1968
26900,2008,139440,Diesel,1968
6000,1997,307000,Benzyna,1781
72000,2015,190000,Benzyna,1798
46900,2013,110175,Benzyna,1798
7400,1998,304000,Benzyna,1781
133320,2022,2986,Benzyna,1498
76799,2017,121364,Benzyna,1798
8999,2008,238800,Benzyna,1798
63000,2015,286000,Diesel,1968
79900,2019,71587,Benzyna,1498
19900,2006,207000,Diesel,1896
61900,2015,137600,Diesel,1968
78000,2019,70000,Benzyna,1984
318447,2023,10,Diesel,1968
47900,2008,217041,Diesel,1896
40000,2010,179500,Benzyna,1984
58900,2011,157100,Diesel,1968
139000,2022,1,Benzyna,1498
73677,2017,118000,Benzyna,1395
13900,2006,200000,Benzyna,1390
42799,2012,285000,Benzyna,1798
44900,2017,92953,Benzyna,999
14800,2006,217500,Benzyna,1595
196200,2023,3,Benzyna,1984
182500,2023,1,Benzyna,1498
107900,2022,513,Benzyna,999
4900,1998,460000,Diesel,1896
138900,2022,5,Benzyna,1498
17900,2009,138000,Benzyna,1390
107900,2022,513,Benzyna,999
4900,1998,460000,Diesel,1896
138900,2022,5,Benzyna,1498
17900,2009,138000,Benzyna,1390
292690,2022,10,,
43990,2011,199800,Diesel,1968
27900,2010,118261,Benzyna,1390
40999,2013,230000,Diesel,1968
92900,2019,21000,Benzyna,999
82799,2019,52107,Benzyna,1498
25900,2014,238000,Diesel,1968
46500,2012,158000,Benzyna,1798
69999,2013,198000,Diesel,2967
99990,2019,204000,Diesel,1968
32900,2011,158763,Diesel,1598
159531,2022,1,Diesel,1968
14900,2005,198000,Diesel,1896
83900,2020,131990,Benzyna,999
56000,2006,362801,Diesel,2500
172190,2022,10,Benzyna,1498
85100,2015,203000,Diesel,1968
6900,2005,197000,Benzyna,1198
74900,2019,128492,Diesel,1968
78474,2018,85806,Benzyna,2000
37950,2011,215286,Diesel,1968
451900,2023,5,Diesel,2967
87900,2019,172578,Diesel,1968
25949,2011,189265,Diesel,1598
137000,2019,74944,Benzyna,1984
33900,2011,244000,Diesel,1968
139900,2022,1,Benzyna,1500
94900,2017,151300,Benzyna,1984
139900,2022,1,Benzyna,1500
94900,2017,151300,Benzyna,1984
91500,2017,76301,Diesel,1968
44900,2012,199000,Diesel,1968
55900,2018,209850,Diesel,1598
115000,2022,6,Benzyna,999
27999,2009,193000,Benzyna,1390
23900,2008,217000,Diesel,1896
245754,2023,,Diesel,1968
141696,2023,,Diesel,1968
128500,2023,,Diesel,1968
177900,2023,3,Benzyna,1498
166900,2023,1,Benzyna,1498
146900,2023,1,Benzyna,1498
41600,2019,25242,Benzyna,999
43050,2013,241000,Diesel,1598
100860,2017,253000,Benzyna,1984
479000,2023,1,Diesel,2967
167500,2023,1,Benzyna,1498
74500,2016,160450,Diesel,1968
23900,2009,274663,Diesel,1968
89900,2016,117430,Diesel,1968
115180,2022,5,Benzyna,999
25500,2009,146380,Benzyna,1390
24900,2007,145000,Benzyna,1595
145950,2018,97308,Diesel,1968
4950,2001,255000,Diesel,1896
81850,2018,136490,Benzyna,1800
23999,2009,259000,Diesel,1968
56850,2018,120740,Diesel,1600
57900,2016,158550,Benzyna,1395
119850,2018,195788,Diesel,1968
87500,2015,172000,Benzyna,1984
18900,2007,181000,Benzyna,1390
49600,2012,57722,Benzyna,1390
35000,1999,305000,Diesel,2461
34900,2013,128636,Diesel,1598
22800,2009,202000,Benzyna,1390
29900,2010,157000,Diesel,1598
454804,2023,6,Diesel,2000
454275,2023,6,Diesel,2000
44850,2018,237596,Diesel,1600
59850,2018,117876,Benzyna,1395
65850,2015,146232,Benzyna,1984
89900,2016,72520,Diesel,1968
44500,2013,192000,Diesel,1968
375150,2022,10,Benzyna,1984
476900,2023,5,Diesel,2967
2999,1997,230100,Benzyna,1598
89850,2019,72279,Benzyna,1498
151500,2023,5,Benzyna,1498
16900,2008,172000,Benzyna,1390
97900,2017,55838,Benzyna,1498
89999,2018,175700,Benzyna,1798
124200,2022,1,Benzyna,1498
99900,2017,185151,Diesel,1968
35900,2015,297642,Diesel,1598
124900,2017,65464,Benzyna,1984
5100,1998,407000,Diesel,1896
174168,2017,132500,Diesel,1968
6900,2000,330000,Diesel,1896
140638,2023,10,Diesel,1968
25900,2009,235064,Diesel,1598
18900,2016,98000,Benzyna,999
113900,2022,1,Benzyna,999
25900,2009,235064,Diesel,1598
222500,2022,1,Benzyna,1984
140638,2023,10,Diesel,1968
280000,2022,2675,Hybryda,1395
378999,2020,50396,Diesel,2967
251960,2022,5,Diesel,1968
89000,2019,69000,Benzyna,1498
107000,2020,45389,Benzyna,1498
129900,2022,21000,Benzyna,1498
98000,2019,103561,Benzyna,1498
79799,2018,104920,Benzyna,1498
15900,2013,105000,Benzyna,1984
15900,1997,132000,Benzyna,1781
34000,2016,620000,Diesel,1968
82500,2019,57600,Benzyna,999
43900,2015,136500,Benzyna,1197
29900,2012,230000,Diesel,1598
54900,2015,120000,Diesel,1598
112000,2018,51000,Benzyna,1395
104900,2022,1,Benzyna,999
279900,2022,10,Diesel,1968
88900,2019,68500,Diesel,1968
167900,2018,97738,Benzyna,1984
89900,2016,160000,Diesel,1968
92900,2019,59394,Diesel,1968
35800,2008,188000,Benzyna,1984
313240,2023,6,,
39800,2012,213000,Benzyna,1984
51890,2012,193000,Diesel,1968
40500,2017,79000,Benzyna,999
101900,2020,17309,Benzyna,1498
101900,2020,17309,Benzyna,1498
40500,2017,79000,Benzyna,999
139000,2023,6,Benzyna,1498
44900,2010,165000,Benzyna,1984
51900,2011,216000,Diesel,1968
62900,2014,210000,Diesel,1968
13800,2008,194000,Benzyna,1198
65900,2016,85678,Diesel,1968
45000,2017,96000,Diesel,1968
62500,2023,5,Benzyna,999
119900,2018,170258,Diesel,1968
39900,2011,233000,Diesel,1968
37900,2009,269000,Diesel,1896
21900,2010,294000,Diesel,1598
129900,2018,83299,Diesel,1968
43700,2014,225000,Diesel,1598
72850,2019,103414,Benzyna,1500
15950,2005,227000,Diesel,1896
74000,2018,157235,Benzyna,1395
109999,2018,169500,Benzyna,1984
77900,2019,66614,Benzyna,1498
10499,2006,214000,Benzyna,1198
4000,1997,324711,Diesel,1896
23000,2011,177000,Diesel,2967
17600,2010,170000,Diesel,1598
25800,2009,257000,Benzyna,1595
19900,2007,260000,Diesel,1968
24900,2009,219000,Diesel,1968
86900,2018,71000,Diesel,1598
4600,2002,226000,Benzyna,1781
74850,2019,87352,Benzyna,1500
164900,2022,5,Benzyna,1498
169900,2022,5,Benzyna,1498
449900,2023,8,Diesel,2967
182900,2022,8,Benzyna,1984
117900,2018,165000,Diesel,1968
163900,2022,5,Benzyna,1498
109900,2020,26347,Benzyna,1498
26500,2013,118000,Diesel,1968
91500,2016,173000,Diesel,1968
12500,2000,337000,Diesel,2461
25990,2009,245000,Diesel,1968
64900,2018,149000,Diesel,1598
194900,2023,1,Benzyna,1984
113990,2022,5,Benzyna,999
119900,2017,128330,Benzyna,1984
227900,2022,5,Diesel,1968
111500,2022,5,Benzyna,1498
51999,2015,130000,Diesel,1968
43050,2013,451000,Diesel,1968
67800,2017,80000,Benzyna,1395
98900,2020,35627,Benzyna,1498
89900,2018,65768,Benzyna,1395
94500,2016,77000,Benzyna,1984
159900,2019,54207,Diesel,1968
51660,2007,157000,Diesel,2461
87900,2018,111500,Diesel,1968
55800,2005,285000,Diesel,2460
449900,2023,8,Diesel,2967
124900,2019,46701,Benzyna,1984
69700,2019,102090,Diesel,1968
35900,2010,256000,Diesel,1968
38800,2013,258000,Diesel,1600
41800,2011,211800,Diesel,1600
71900,2017,207000,Diesel,1600
35800,2012,160000,Benzyna,1400
85000,2012,250000,Diesel,1999
48000,1972,36800,Benzyna,1300
13300,2005,225208,Benzyna,1781
112000,2016,181000,Diesel,1968
25900,2011,270214,Benzyna,1390
25900,2010,165000,Diesel,1968
46500,2017,79232,Diesel,1422
16500,2005,211000,Diesel,1896
111000,2022,6,Benzyna,999
46500,2015,217000,Diesel,1598
32850,2010,345000,Diesel,1968
10999,2002,202000,Benzyna,1598
333650,2023,10,Diesel,1968
211500,2023,1,Benzyna,1984
225900,2022,10000,Benzyna,1984
6500,1986,279000,Benzyna,1595
34800,2011,132300,Benzyna,1798
89900,2020,30464,Benzyna,999
24477,2016,200000,Benzyna,999
96900,2016,91000,Diesel,1968
99900,2019,83900,Benzyna,1498
113199,2023,10,Benzyna,999
107780,2022,3,Benzyna,999
27900,2014,111000,Benzyna,999
46900,2015,200000,Diesel,1968
4800,2002,253000,Benzyna,999
214900,2022,10,Diesel,1968
199000,2021,31000,Diesel,1968
84900,2021,22735,Benzyna,999
136770,2022,5,Benzyna,1498
136770,2022,5,Benzyna,1498
139490,2022,5,Benzyna,1498
26800,2008,290000,Diesel,1900
29800,2010,284000,Diesel,1900
34900,2015,190000,Diesel,1422
149900,2019,93253,Benzyna,1984
15700,1999,150500,Benzyna,1781
94900,2021,19000,Benzyna,1498
55900,2019,103000,Benzyna,999
39975,2015,261500,Diesel,1598
89900,2018,52458,Benzyna,1498
8999,2001,193590,Benzyna,1390
4900,1999,302800,Diesel,1896
49900,2014,139000,Benzyna,1390
69900,2017,67144,Benzyna,1395
77000,2019,80000,Diesel,1598
69000,2016,22000,Benzyna,1395
186108,2022,5,Benzyna,1984
87799,2018,98548,Benzyna,1798
109900,2019,135840,Diesel,1968
30999,2011,269000,Diesel,1968
93900,2019,102064,Benzyna,1498
144000,2020,41700,Diesel,1968
46900,2016,181930,Diesel,1968
119900,2019,116162,Benzyna,1984
39900,2008,200000,Benzyna,1984
26900,2009,185000,Diesel,1598
69000,2018,203300,Diesel,1968
195890,2023,,Diesel,2000
16500,2008,217500,Benzyna,1390
116500,2023,6,Benzyna,1498
294230,2022,5,Diesel,1968
294230,2022,5,Diesel,1968
22900,2013,215000,Diesel,1199
5900,2004,382000,Diesel,1898
2500,1998,350000,Benzyna,1390
44700,2011,227555,Diesel,1968
8900,2008,245000,Benzyna,1198
176540,2023,6,,
92888,2016,169000,Benzyna,1984
12900,2008,274253,Benzyna,1390
7900,2004,210000,Diesel,1968
96900,2018,128988,Diesel,1968
97500,2022,,Benzyna,999
299900,2023,5,,
88900,2014,238000,Diesel,1968
37900,2011,224668,Diesel,1968
94900,2018,165000,Benzyna,1798
109520,2022,3,Benzyna,999
59900,2018,53523,Benzyna,999
113350,2022,3,Benzyna,1498
129900,2018,48989,Diesel,1968
104890,2022,3,Benzyna,999
105980,2022,3,Benzyna,999
109040,2022,3,Benzyna,999
73900,2016,174348,Diesel,1968
26700,2012,270239,Diesel,1598
84900,2019,67300,Diesel,1598
184900,2021,28300,Diesel,1968
111800,2022,10,Benzyna,999
253134,2022,10,Diesel,1968
9900,2004,240000,Benzyna,1390
202130,2023,1,Diesel,2000
84900,2019,89645,Benzyna,1498
7900,2003,212000,Diesel,1896
110090,2022,3,Benzyna,1498
55000,2016,140000,Diesel,1968
56900,2017,124050,Diesel,1598
118080,2023,10,Benzyna,999
136010,2023,1,Benzyna,1500
69900,2017,151670,Benzyna,1395
81900,2019,105000,Benzyna,1498
169450,2023,1,Benzyna,1498
76000,2017,181006,Diesel,1968
84999,2014,151000,Benzyna,1984
45000,2014,165458,Diesel,1968
169990,2022,6,Diesel,1968
171197,2021,26000,Benzyna,1984
12700,2009,214000,Benzyna,1198
49200,2008,385000,Diesel,2461
305000,2023,5,Benzyna,1984
71000,2023,150000,Diesel,1598
92900,2017,88036,Benzyna,1798
19900,2004,153000,Benzyna,2771
43000,2012,222650,Diesel,1968
16000,2014,235144,Diesel,1598
16800,2007,273000,Diesel,1896
48800,2020,226000,Diesel,1598
219900,2019,91775,Diesel,2967
83900,2020,50273,Benzyna,999
135000,2019,54527,Diesel,1968
37499,2011,249600,Diesel,1968
4900,2004,344419,Diesel,1896
197250,2022,1,Benzyna,1498
91111,2014,180000,Diesel,1968
170600,2022,1,Benzyna,1498
170600,2022,1,Benzyna,1498
244400,2022,1,,
197250,2022,1,Benzyna,1498
205400,2022,1,Benzyna,1498
168000,2020,11700,Diesel,1968
55900,2006,275000,Diesel,2461
54900,2011,157431,Diesel,1968
71500,2018,103994,Benzyna,1395
71450,2017,135931,Benzyna,1798
13299,2009,183000,Benzyna,1198
16999,2008,299991,Diesel,1968
122400,2022,12,Benzyna,999
9300,2002,323963,Benzyna,1598
24700,2015,158000,Benzyna,999
47900,2013,145000,Benzyna,1390
84899,2019,43120,Benzyna,1395
199860,2022,1,Benzyna,1984
244500,2023,1,Diesel,1968
107800,2022,11661,Benzyna,999
2900,1998,225778,Benzyna,1390
109000,2017,69000,Diesel,1968
32900,2011,213000,Diesel,1968
339350,2023,10,Diesel,1968
129900,2018,99766,Diesel,1968
65900,2011,284000,Diesel,1968
3900,2005,272862,Benzyna,1595
168540,2022,1,Benzyna,1498
17500,2006,246000,Benzyna,1984
29900,2009,151000,Diesel,1968
19900,2006,162200,Diesel,1968
164500,2019,62500,Diesel,1968
9900,2009,270000,Benzyna,1198
31900,2008,230000,Benzyna,1390
11900,2008,257000,Diesel,1422
49900,2018,86451,Benzyna,999
69900,2015,157030,Benzyna,1798
47900,2018,80452,Benzyna,999
58900,2018,105000,Benzyna,1395
72900,2017,194800,Diesel,1968
64900,2020,108000,Benzyna,999
15900,2009,280000,Diesel,1896
89900,2021,8384,Benzyna,999
239900,2019,85496,Diesel,2967
77900,2015,135252,Benzyna,1798
351200,2022,1,Diesel,2000
407300,2022,1,Hybryda,1400
159900,2020,28966,Benzyna,1984
108999,2018,228900,Diesel,1968
19700,2007,200000,Benzyna,1598
229900,2022,10,Benzyna,1984
393000,2023,1,Diesel,2000
377300,2023,1,Diesel,2000
17900,2008,280000,Diesel,1968
403400,2023,1,Diesel,2000
488800,2023,1,Diesel,2000
133900,2023,1,Diesel,2000
406850,2022,5,Diesel,1968
89900,2017,171028,Diesel,1968
19900,2006,132000,Benzyna,1390
31900,2010,180000,Benzyna,1390
67900,2013,165000,Benzyna,1984
27999,2010,328000,Diesel,1968
63900,2019,126000,Diesel,1598
94900,2019,91000,Benzyna,1498
255900,2023,1,Diesel,1968
17999,2012,139260,Benzyna,999
229900,2023,1,Benzyna,1984
99900,2020,37000,Benzyna,1498
69900,2017,167918,Diesel,1968
46900,2016,106786,Benzyna,1197
23950,2010,290000,Diesel,1968
109900,2019,46700,Benzyna,1498
14800,2006,261000,Diesel,1968
299900,2023,1,Benzyna,1984
122900,2023,1,Benzyna,1498
229900,2023,1,Diesel,1968
229900,2023,1,Benzyna,1984
2500,2001,350000,Diesel,1191
224900,2023,1,Benzyna,1984
21999,2008,282195,Diesel,1968
9800,2003,235000,Benzyna,1595
9800,1999,165500,Benzyna,1984
9800,2002,290000,Diesel,1896
82900,2019,135870,Benzyna,1498
97900,2017,87000,Benzyna,1798
114800,2023,10,Benzyna,1498
127900,2023,5,Benzyna,1498
33900,2011,212000,Diesel,1598
13900,2008,86000,Benzyna,1198
114900,2018,140736,Diesel,1968
14800,2008,182000,Benzyna,1595
79999,2014,199432,Diesel,1968
434900,2023,,Diesel,2976
213900,2023,1,Benzyna,1984
219900,2023,1,Benzyna,1984
35900,2008,234000,Diesel,1968
46740,2016,144090,Diesel,1968
69900,2018,172830,Diesel,1968
17900,2008,292000,Diesel,1968
57700,2011,245955,Diesel,1968
9900,2001,185000,Benzyna,1984
88799,2018,115000,Benzyna,1798
3500,1990,185454,Benzyna,1595
16800,2011,258000,Diesel,1199
59900,2016,98100,Benzyna,1984
38900,2009,181000,Diesel,1968
39400,2015,173400,Diesel,1598
28000,2006,184369,Diesel,2967
21999,2011,193592,Diesel,1200
12999,1985,169769,Benzyna,1570
85999,2017,45600,Benzyna,1798
129900,2018,88000,Benzyna,3597
36900,2011,198000,Diesel,1968
39900,2015,254110,Diesel,1598
112500,2020,39300,Benzyna,1498
76900,2018,126740,Diesel,1968
19800,2011,316000,Diesel,1598
195500,2022,10,Diesel,1968
58900,2018,100000,Benzyna,999
79900,2015,129293,Diesel,1968
123900,2022,14236,Benzyna,1498
79500,2018,31135,Benzyna,999
94900,2018,164000,Diesel,1968
73900,2015,150724,Benzyna,1798
215900,2022,5,Benzyna,1984
189860,2022,1,Benzyna,1984
52900,2014,161000,Diesel,1968
22900,2009,299100,Diesel,1968
52900,2014,161000,Diesel,1968
89900,2016,175171,Diesel,1968
13900,2004,305200,Benzyna,1390
54900,2015,283000,Diesel,1968
15000,2011,220000,Diesel,1598
50000,1985,38000,Benzyna,1192
87900,2018,90700,Benzyna,1395
204900,2019,126020,Diesel,2967
119890,2022,1,Benzyna,1498
33900,2013,151123,Diesel,1598
18700,2005,200000,Benzyna,1984
22600,2008,222600,Diesel,1968
49900,2010,174557,Diesel,1968
39900,2011,120000,Benzyna,1390
62700,2010,238071,Diesel,1968
29500,2010,117000,Benzyna,1390
31900,2016,68300,Benzyna,999
62900,2018,95043,Benzyna,999
112850,2022,1,Benzyna,1000
115600,2022,1,Benzyna,1000
48500,2019,129000,Benzyna,999
23900,1976,45535,Benzyna,1200
112800,2022,1,Benzyna,1000
302000,2023,1,,
130700,2022,1,Benzyna,1498
114150,2022,1,Benzyna,1000
39900,2009,201584,Benzyna,1984
59800,2016,207000,Diesel,1598
35900,1973,64566,Benzyna,1585
68500,2022,5,Benzyna,999
93400,2017,79431,Benzyna,1798
104999,2017,105000,Diesel,1968
93400,2017,79431,Benzyna,1798
71900,2019,82834,Diesel,1598
99500,2018,62007,Diesel,1968
146900,2023,5,Benzyna,1498
119900,2018,36154,Benzyna,1984
17900,2006,149279,Benzyna,1595
164500,2019,21000,Benzyna,1984
105500,2018,73000,Diesel,1968
53500,2012,179000,Benzyna,1390
20700,2008,224780,Diesel,1896
188000,2016,182000,Diesel,1968
4500,1997,342000,Benzyna,1595
59900,2018,176614,Benzyna,1499
53500,2012,197000,Diesel,1968
119500,2015,170233,Diesel,1968
80000,2016,156000,Diesel,1968
89900,2018,164000,Diesel,1968
109500,2015,127727,Diesel,1968
38500,2015,229625,Diesel,1598
77900,2017,189000,Benzyna,1800
69000,2015,48000,Benzyna,1984
92900,2019,33234,Benzyna,999
118900,2018,98064,Diesel,1968
94900,2020,29987,Benzyna,1498
204900,2019,115185,Diesel,2967
296700,2023,10,Diesel,1968
429900,2022,8,Diesel,2967
41889,2008,138000,Diesel,1968
32700,2013,313000,Diesel,1968
108400,2023,1,Benzyna,999
152900,2020,118272,Diesel,1968
61900,2018,225000,Diesel,1968
94800,2016,56000,Benzyna,1395
90000,2017,39000,Benzyna,1395
89900,2016,180000,Diesel,1968
89900,2017,121000,Benzyna,1798
44900,2008,236461,Diesel,2967
136500,2021,4726,Benzyna,1498
65899,2018,143538,Benzyna,1395
133000,2023,5,Benzyna,1498
19800,2007,361000,Diesel,1896
11900,2006,150500,Benzyna,1198
197400,2023,5,Benzyna,1498
12500,2005,230000,Benzyna,1390
174600,2023,1,Benzyna,1498
198000,2023,1,Diesel,1968
2400,2002,400000,Diesel,1896
98031,2019,138253,Diesel,1968
37999,2011,235000,Diesel,1598
99999,2020,23225,Benzyna,1498
35900,2017,146296,Benzyna,999
80000,2019,145000,Diesel,1968
94900,2017,93603,Benzyna,1984
372247,2022,5,Diesel,1968
53900,2018,76836,Benzyna,999
21900,2008,220188,Diesel,1896
64900,2017,115604,Benzyna,1197
202335,2022,5,Diesel,1968
356700,2022,1,Diesel,1968
124900,2019,78155,Diesel,1968
386699,2022,5,Diesel,1968
294831,2022,5,Diesel,1968
340857,2022,5,Diesel,1968
8900,2009,217000,Diesel,1968
6900,1998,177000,Benzyna,1600
29900,2011,292000,Diesel,1600
219000,2023,20,,
110564,2018,148000,Diesel,1968
11700,2004,158000,Benzyna,1390
19700,2006,186000,Benzyna,1598
114900,2019,95000,Benzyna,1498
48900,2014,237450,Diesel,1968
113500,2022,10,Benzyna,999
5900,2005,154840,Benzyna,1198
153400,2022,10,Benzyna,1498
109500,2020,24132,Benzyna,1498
212700,2023,10,Benzyna,1984
17800,2005,126833,Benzyna,1595
247113,2022,1,Diesel,1968
127200,2023,5,Benzyna,1498
88300,2023,5,Benzyna,999
122800,2023,5,Benzyna,1498
183300,2023,5,Benzyna,1498
141240,2023,10,Benzyna,1498
137000,2023,10,Benzyna,1498
78450,2019,185689,Benzyna,1498
79850,2019,166334,Benzyna,1000
13700,2004,189000,Benzyna,1595
148400,2023,5,Benzyna,1498
53400,2016,284000,Diesel,1598
28999,2014,43000,Benzyna,1197
191500,2023,5,Benzyna,1984
216700,2023,5,Benzyna,1498
115900,2020,48302,Diesel,1968
8777,2006,146000,Benzyna,1198
84900,2018,135000,Benzyna,1798
89890,2022,1,Benzyna,999
99900,2017,101527,Benzyna,1395
299000,2023,20,,
178700,2023,5,Benzyna,1498
203800,2023,5,Benzyna,1498
299000,2023,20,,
39900,2013,133000,Benzyna,1390
127300,2023,5,Benzyna,1498
111300,2023,5,Benzyna,999
7999,2003,163043,Benzyna,1984
24900,2010,142000,Benzyna,1390
24900,2009,264000,Benzyna,1600
12700,2004,290000,Diesel,1896
52500,2015,197000,Benzyna,1395
125500,2022,5,Benzyna,1498
15000,2007,230390,Diesel,1896
25900,2012,351000,Diesel,1598
10750,2005,294000,Diesel,1968
98500,2022,5,Benzyna,999
8900,2008,250000,Diesel,1422
63900,2016,196312,Diesel,1968
63500,2010,228000,Diesel,1968
95900,2017,134637,Diesel,1968
12999,2006,371000,Diesel,1896
25000,2010,156000,Diesel,1896
22000,1999,380000,Benzyna,1984
47500,2015,162049,Diesel,1598
32000,2015,66000,Benzyna,1984
77900,2019,122590,Diesel,1968
9999,2005,140000,Benzyna,1198
56900,2013,242700,Diesel,1968
102600,2022,10,Benzyna,999
20900,2009,194470,Benzyna,1390
5000,2003,528000,Diesel,1896
54850,2018,134803,Benzyna,999
2999,1999,202411,Benzyna,1390
23999,2007,260000,Diesel,2499
74900,2015,111000,Benzyna,1798
178350,2018,142000,Diesel,2967
24400,2009,217000,Benzyna,1390
22999,2009,283744,Benzyna,1595
44900,2017,340000,Diesel,1968
17900,2004,190000,Benzyna,2792
225260,2023,8,Benzyna,1984
57500,2016,212840,Benzyna,1798
119900,2020,128603,Diesel,1968
46900,2019,124000,Benzyna,999
73900,2015,199120,Diesel,1968
301128,2023,10,Diesel,1968
57900,2017,231050,Diesel,1968
146800,2021,21358,Benzyna,1498
11900,2002,216000,Benzyna,1984
21499,2008,181000,Benzyna,1390
55350,2016,118400,Benzyna,1395
13800,2005,241000,Benzyna,1595
53998,2013,117530,Benzyna,1395
71900,2016,132000,Diesel,1968
406372,2022,4893,Diesel,1968
130900,2020,10900,Benzyna,1984
39900,2010,189000,Diesel,1968
55999,2018,85853,Benzyna,999
49800,2015,273000,Diesel,1968
28900,2009,133600,Benzyna,1390
29900,2013,199900,Benzyna,1197
51900,2011,159000,Diesel,1968
151900,2022,5,Benzyna,1498
184900,2020,67801,Diesel,1968
27900,2009,173337,Benzyna,1390
28900,2009,57000,Benzyna,1390
15800,2005,204000,Benzyna,1595
43050,2018,103215,Benzyna,1395
477117,2023,5,Diesel,1968
24800,2012,114000,Benzyna,1198
125000,2021,9000,Benzyna,1498
38700,2012,216000,Diesel,1968
144900,2018,183100,Diesel,1968
28900,2011,180580,Benzyna,1197
42800,2012,241544,Diesel,1968
166900,2019,41716,Benzyna,1984
55227,2018,133000,Diesel,1968
63960,2010,221754,Diesel,1968
105000,2012,230000,Diesel,4134
77700,2018,161000,Diesel,1968
19900,1986,98500,Diesel,1588
76900,2017,156000,Benzyna,1798
22500,2013,190000,Diesel,1598
81900,2017,143346,Diesel,1968
125500,2022,6,Benzyna,999
163000,2018,239000,Diesel,1968
79900,2017,160931,Diesel,1968
49999,2015,244900,Diesel,1968
72900,2016,83306,Benzyna,1395
20999,2009,142531,Benzyna,1390
146000,2022,6,Benzyna,1498
106900,2018,85000,Benzyna,1984
11900,2005,235000,Diesel,1896
110500,2022,6,Benzyna,999
89900,2020,71804,Benzyna,1498
31900,2007,253000,Diesel,2967
49900,2019,41000,Benzyna,999
44900,2012,160940,Diesel,1968
22700,2009,183000,Benzyna,1198
7999,2006,177000,Benzyna,1198
368877,2022,5,Diesel,1968
110260,2023,7,Benzyna,999
13900,2004,279145,Benzyna,1595
114900,2019,74674,Benzyna,1984
56999,2017,138602,Diesel,1598
110260,2023,7,Benzyna,999
158999,2019,98700,Diesel,1968
39999,2015,158963,Benzyna,1197
100730,2022,,Benzyna,999
23800,2007,333000,Diesel,2967
38999,2008,156322,Diesel,1968
59950,2015,132000,Benzyna,1984
25900,2011,213900,Diesel,1598
29500,2013,168200,Benzyna,1390
77777,2015,239460,Diesel,1968
9900,2007,296000,Diesel,1896
43000,2010,368000,Diesel,2460
23900,2008,199253,Diesel,1968
20400,2007,295677,Diesel,1968
162500,2019,84756,Benzyna,1984
63500,2018,152620,Diesel,1598
149900,2018,65000,Diesel,1968
38900,2015,206000,Diesel,1598
27500,2013,164633,Diesel,1598
27900,2008,192000,Benzyna,1595
,2015,90000,Diesel,2967
27900,2010,183000,Benzyna,1197
9000,2006,232000,Diesel,1896
41200,2013,223000,Diesel,1968
53800,2013,237000,Diesel,1968
114999,2020,47197,Benzyna,1498
27900,2009,225000,Diesel,1968
66900,2018,188544,Diesel,1968
79999,2018,188000,Diesel,1968
23500,2010,112000,Benzyna,1198
15900,2004,138000,Benzyna,1598
132000,2019,33000,Benzyna,1498
9700,2002,227359,Benzyna,1984
73500,2020,32000,Benzyna,1498
18650,2009,224893,Benzyna,1198
6900,2005,356652,Diesel,1896
104799,2019,91690,Benzyna,1498
8999,2005,329874,Diesel,1968
107900,2019,97750,Benzyna,1498
27000,2004,268000,Diesel,4921
117780,2021,10,Benzyna,1498
41800,2011,208000,Diesel,1968
43999,2014,193000,Diesel,1598
22000,2006,171000,Diesel,1968
128900,2017,75852,Diesel,1968
38900,2008,406000,Diesel,1900
159999,2020,63000,Diesel,1968
40999,2014,156813,Benzyna,1197
77500,2022,18000,Hybryda,1395
66999,2016,138000,Diesel,1968
23400,2010,97000,Benzyna,1198
221000,2022,1,Diesel,1968
105900,2016,149000,Benzyna,1984
55900,2013,130000,Benzyna,1390
49900,2016,54850,Benzyna,1395
17900,2008,156000,Diesel,1968
369900,2023,15,Diesel,1998
66500,2016,184714,Diesel,1598
51800,2014,164290,Benzyna,1390
13900,2011,347000,Diesel,1598
22755,2008,257000,Diesel,1896
14500,2013,84174,Benzyna,1000
24500,2016,120000,Benzyna,1984
37500,2011,150000,Benzyna,1798
166206,2023,5,Benzyna,1498
19999,2008,169431,Benzyna,1390
22700,2008,186700,Benzyna,1390
31700,2013,130400,Benzyna,1400
23990,2015,209831,Benzyna,999
65899,2015,199980,Diesel,1968
32600,2011,267000,Diesel,1968
7999,2005,348258,Diesel,1896
10900,2007,204991,Diesel,1896
28000,2011,128000,Diesel,1598
10900,1997,224000,Benzyna,1781
13500,1970,99999,Benzyna,1600
36800,2019,172000,Benzyna,999
29899,2012,176000,Diesel,1598
94998,2020,49999,Benzyna,1498
27500,2011,198750,Diesel,1598
104550,2018,249000,Diesel,1968
44990,2011,107000,Diesel,1968
34000,2016,125757,Benzyna,1984
17900,2010,180000,Benzyna,1390
19999,2013,190000,Diesel,1598
53500,2011,143200,Diesel,1968
5500,1997,315000,Diesel,1896
51300,2014,85000,Diesel,1598
190000,2019,14024,Benzyna,2000
18900,2008,270000,Diesel,1896
7000,2002,221000,Benzyna,1598
24500,2012,190400,Benzyna,1198
93000,2017,107329,Diesel,1968
68500,2016,188600,Diesel,1968
58500,2015,163000,Benzyna,1798
96900,2017,95555,Benzyna,1395
136000,2019,134000,Diesel,1968
67500,2017,158000,Diesel,1968
35000,1985,188000,Diesel,1900
44900,2012,200799,Diesel,1968
39800,2012,127000,Diesel,1598
21900,2008,222000,Benzyna,1798
28900,2011,113000,Diesel,1598
37400,2009,180460,Benzyna,1984
9800,2002,221754,Diesel,1896
84900,2018,77014,,
99000,2019,40000,Benzyna,1984
45900,2013,124000,Diesel,1968
30900,2018,118306,Diesel,1968
38900,2011,237000,Diesel,2000
41900,2013,220000,Benzyna,1197
78900,2013,413789,Diesel,1968
93900,2016,143773,Diesel,1968
58900,2018,195550,Diesel,1598
28900,2010,153500,Diesel,1968
44900,2010,199000,Diesel,1968
65780,2008,192000,Diesel,2500
29900,2008,116000,Benzyna,1390
45900,2019,14000,Benzyna,999
12700,2006,144625,Diesel,1422
21900,2010,362000,Diesel,1598
33500,2013,63000,Benzyna,1198
16900,2001,362000,Diesel,1968
89900,2018,137000,Diesel,1968
62000,2012,168000,Diesel,1968
54900,2014,115000,Benzyna,1390
37900,2017,57000,Benzyna,999
17900,2007,310000,Diesel,1968
27900,2008,169000,Benzyna,1390
79999,2010,133000,Diesel,1968
14000,1998,225000,Benzyna,1781
87800,2020,23000,Diesel,1968
22500,2007,130500,Diesel,1896
69900,2015,172000,Diesel,1968
22000,2009,216000,Diesel,1968
29000,2009,221000,Benzyna,1390
7900,1999,188329,Benzyna,1595
44900,2017,131500,Diesel,1598
93500,2018,112000,Diesel,1968
3400,2000,338000,Diesel,1896
117403,2015,64000,Diesel,1968
22999,2012,153000,Benzyna,999
140000,2016,150000,Diesel,1968
3000,2003,212753,Diesel,1896
67650,2018,124000,Diesel,1598
29900,2013,225000,Benzyna,1197
28900,2009,125597,Benzyna,1595
35700,2014,114107,Diesel,1598
18900,2005,100241,Diesel,1968
75500,2018,87700,Diesel,1598
52500,2016,83000,Benzyna,1395
12900,2007,164000,Benzyna,1198
10900,2004,260000,Benzyna,1598
7300,1999,247000,Benzyna,1390
42300,1993,395444,Benzyna,2861
95900,2018,123000,Diesel,1968
25900,2012,197300,Diesel,1598
73900,2018,176000,Diesel,1968
37900,2009,197000,Benzyna,1984
37000,2013,302000,Benzyna,1390
6900,2005,230000,Diesel,1968
31900,2008,203000,Benzyna,1798
20500,2007,247000,Benzyna,1984
104500,2017,102000,Diesel,1968
35900,2011,249000,Diesel,1968
60500,2014,167000,Diesel,1968
32500,2012,185300,Diesel,1968
39900,2010,113983,Benzyna,1390
27900,2009,129000,Benzyna,1595
28900,2012,161425,Diesel,1598
18300,2009,220700,Diesel,1896
76900,2018,135055,Diesel,1968
71900,2015,72000,Benzyna,1598
10900,2003,350000,Benzyna,2771
19800,2009,207879,Diesel,1598
29900,2010,232000,Diesel,1968
5000,2002,241893,Benzyna,1198
8856,2003,231588,Benzyna,1598
64500,2016,54500,Benzyna,1395
49900,2011,218000,Diesel,1968
68600,2015,70000,Benzyna,1984
43400,2011,162000,Diesel,1968
11500,2007,289000,Diesel,1896
8999,2003,72000,Benzyna,1198
11000,2003,188000,Benzyna,1598
25000,2010,123355,Diesel,1598
20500,1978,500000,Benzyna,1588
8900,2012,96200,Benzyna,999
75250,2016,265000,Diesel,1968
34800,2012,249232,Diesel,1968
72000,2019,36000,Benzyna,1498
17000,2001,660000,Diesel,2461
119900,2018,71000,Diesel,1968
16900,2007,201000,Diesel,1968
14000,2007,371000,Diesel,1896
19900,2005,90000,Benzyna,1595
48900,2017,206000,Diesel,1598
44300,2011,246000,Diesel,1968
216000,2022,2000,Benzyna,1984
12900,2007,271000,Benzyna,1198
78500,2018,181000,Diesel,1968
114900,2020,117000,Diesel,1968
34900,2011,195000,Benzyna,1798
29400,2014,193000,Benzyna,1197
89900,2019,34700,Benzyna,1984
5300,2000,283940,Benzyna,1598
254900,2018,43291,Diesel,2967
29900,2011,220000,Diesel,1968
62600,2017,169000,Diesel,1598
64700,2016,149900,Diesel,1598
42900,2013,144000,Benzyna,1197
65999,2017,108822,Benzyna,1395
89900,2019,34700,Benzyna,1984
254900,2018,43291,Diesel,2967
62600,2017,169000,Diesel,1598
29900,2011,220000,Diesel,1968
64700,2016,149900,Diesel,1598
42900,2013,144000,Benzyna,1197
65999,2017,108822,Benzyna,1395
44990,2013,157100,Benzyna,1395
15700,2007,177000,Benzyna,1390
49900,2012,199700,Benzyna,1798
87900,2015,118900,Benzyna,1798
11900,2005,266000,Benzyna,1595
87900,2017,85000,Benzyna,1798
14500,2008,225000,Diesel,1896
23999,2010,158296,Benzyna,1390
179999,2023,1,Benzyna,1498
62900,2018,75164,Diesel,1598
22500,2008,178000,Diesel,1968
13900,2007,232000,Benzyna,1798
39900,2018,13166,Benzyna,999
83999,2020,15403,Benzyna,999
33900,2009,165000,Benzyna,1390
139900,2020,43372,Diesel,1968
20500,2009,278200,Diesel,1598
110500,2017,175430,Diesel,1968
69900,2019,114000,Diesel,1598
44400,2014,199000,Diesel,1598
42500,2014,89881,Benzyna,1197
7499,2002,303746,Benzyna,1598
67500,2016,256000,Benzyna,1798
26900,2011,250000,Diesel,1598
50000,2015,206700,Diesel,1968
58900,2017,109000,Diesel,1598
21900,2010,187776,Benzyna,1390
25700,2010,319367,Diesel,1968
16900,2009,190000,Benzyna,1198
13000,2008,447560,Diesel,1968
29900,2009,311500,Diesel,1899
49500,2017,229889,Diesel,1968
88500,2019,87700,Diesel,1968
84500,2020,153500,Diesel,1968
12000,1999,300000,Diesel,1896
16800,2005,258000,Diesel,1896
15900,2006,146000,Benzyna,1984
21700,2007,160000,Benzyna,1390
34900,2011,198000,Benzyna,1390
11000,2005,246000,Benzyna,1984
97900,2020,28000,Benzyna,1498
40000,2011,475125,Diesel,1968
45900,2009,196000,Diesel,2460
249900,2018,45000,Diesel,2967
47500,2012,271150,Diesel,1968
129150,2020,21000,,
14500,2008,248000,Benzyna,1390
48900,2016,170000,Diesel,1598
16700,2006,290547,Diesel,1968
23800,2010,192580,Benzyna,1390
63000,2015,65960,Diesel,1598
12400,2006,347000,Diesel,1968
65000,2017,172000,Diesel,1968
18990,2009,208000,Benzyna,1197
116900,2018,137000,Diesel,1968
27000,2012,277500,Diesel,1598
24900,2011,188000,Diesel,1598
20000,1998,400000,Diesel,2500
8800,2001,270000,Benzyna,1984
39499,2008,185234,Diesel,1968
13900,2005,268600,Diesel,1968
6900,2006,282000,Diesel,1422
73999,2015,58293,Benzyna,1798
12499,2005,465614,Diesel,1896
52900,2013,210000,Diesel,1968
33000,2014,309050,Diesel,1968
47900,2014,192000,Diesel,1968
45000,2015,202000,Diesel,1598
12000,2008,334780,Diesel,1896
27900,2010,240077,Diesel,1896
51500,2017,196500,Diesel,1598
109900,2019,70000,Benzyna,1498
138500,2023,10,Benzyna,1498
16500,2008,310000,Diesel,1968
25900,2011,200000,Diesel,1598
34900,2009,250000,Diesel,1968
12700,1988,239000,Benzyna,1570
33500,2012,190000,Diesel,1598
21000,2006,379000,Diesel,1968
14999,2003,198000,Benzyna,1984
38900,2013,102000,Benzyna,1197
145000,2019,97000,Diesel,1968
39900,2014,180300,Diesel,1968
64900,2015,125000,Benzyna,1395
10300,2005,331000,Diesel,1896
93500,2018,180000,Diesel,1968
52000,2013,111000,Benzyna,1984
19900,2011,164000,Benzyna,1198
58900,2018,57200,Benzyna,999
10300,2005,331000,Diesel,1896
19900,2011,164000,Benzyna,1198
58900,2018,57200,Benzyna,999
52900,2016,231448,Diesel,1598
75500,2018,214100,Diesel,1968
38900,2008,170000,Diesel,1968
78700,2014,431520,Diesel,1968
19900,2012,132000,Benzyna,1198
40500,2015,128000,Diesel,1598
37500,2009,226075,Diesel,1968
15500,2006,287000,Diesel,1896
41500,2013,163000,Benzyna,1197
27000,2014,94400,Benzyna,999
10000,2004,290000,Benzyna,1390
32900,2010,174000,Diesel,1598
126900,2018,155000,Diesel,1968
23500,2008,182150,Benzyna,1395
129000,2022,8200,Benzyna,1498
144900,2019,73952,Benzyna,1984
17900,2008,207848,Diesel,1968
23500,2009,249500,Benzyna,1390
16900,2005,196000,Benzyna,1595
11500,2010,191000,Benzyna,1198
55000,2015,249000,Diesel,1968
85900,2017,98000,Diesel,1968
49900,2018,147282,Diesel,1598
24000,2009,115000,Diesel,1896
29900,2002,315000,Diesel,1968
11900,2008,219000,Benzyna,1198
45900,2015,208468,Diesel,1598
24700,2011,224651,Diesel,1598
28990,2006,213347,Benzyna,1781
79500,2011,282000,Diesel,2000
59900,2011,244350,Diesel,1968
72000,2018,67000,Diesel,1598
88600,2018,170000,Benzyna,1498
59900,2016,165000,Benzyna,1984
17500,2007,176299,Benzyna,1390
27400,2014,264300,Diesel,1968
18900,2013,336500,Diesel,1199
20900,2009,228181,Benzyna,1390
320000,2019,71000,Diesel,2967
47900,2013,226980,Diesel,1968
26900,2010,178000,Diesel,1968
66000,2017,90000,Benzyna,1395
57900,2015,121000,Diesel,1968
7900,2001,245000,Diesel,1896
64900,2015,252000,Diesel,1968
180000,2017,132033,Diesel,1968
87900,2015,140880,Diesel,1968
22400,2007,270000,Diesel,1896
21400,2010,222300,Diesel,1598
17000,2008,252372,Diesel,1968
61000,2015,174000,Diesel,1968
22900,2009,152000,Benzyna,1390
68500,2015,254000,Diesel,2000
33900,2011,130430,Benzyna,1798
135000,2018,103000,Diesel,1968
69999,2015,260000,Benzyna,1984
74900,2016,222000,Diesel,1968
149000,2019,49500,Benzyna,1984
72900,2017,285000,Diesel,1598
38500,2017,50000,Benzyna,999
35500,2011,199000,Diesel,1598
38500,2017,50000,Benzyna,999
35500,2011,199000,Diesel,1598
69495,2018,56000,Benzyna,1498
57900,2014,201000,Diesel,1968
32900,2016,114000,Diesel,1422
31900,2016,173000,Diesel,1422
14500,2007,257000,Diesel,1968
30999,2010,186300,Benzyna,1390
39900,2017,84300,Benzyna,999
105555,2020,41611,Benzyna,1498
45900,2014,85000,Benzyna,1390
25550,2015,66880,Benzyna,999
229990,2022,1,Benzyna,1984
17900,2008,178400,Diesel,1896
4100,1999,365919,Diesel,1896
14900,2006,369000,Diesel,1968
14900,2004,209000,Benzyna,1595
70000,2006,311000,Diesel,1896
73900,2015,235350,Diesel,1968
44900,2012,249000,Diesel,1968
68000,2018,46000,Benzyna,999
3300,1999,217000,Benzyna,1390
16900,2012,251000,Benzyna,999
33900,2014,186000,Benzyna,1395
59900,2015,193555,Diesel,1598
29900,2004,315000,Diesel,1896
8000,2002,197000,Diesel,1896
133333,2018,51000,Diesel,1968
16000,2005,212000,Diesel,1896
142900,2019,209000,Diesel,2967
99999,2018,59600,Benzyna,1498
90800,2016,221000,Diesel,1968
24900,2009,261000,Benzyna,1390
155900,2019,57000,Benzyna,1984
27900,2009,129000,Benzyna,1798
142900,2022,,Benzyna,1498
40500,2014,295000,Diesel,1968
48900,2018,48633,Benzyna,999
73500,2017,123778,Benzyna,1395
32900,2012,200000,Diesel,1968
42999,2014,220000,Diesel,1968
158500,2019,55100,Benzyna,1984
8500,2001,197150,Benzyna,1984
31500,2011,183000,Benzyna,1390
42500,2014,165691,Benzyna,1197
30500,2011,278000,Diesel,1598
8500,2006,126000,Benzyna,1198
72900,2014,319000,Diesel,1968
17850,2006,220212,Benzyna,1595
89900,2017,75900,Benzyna,1798
13300,2003,209260,Benzyna,5998
22900,2009,207706,Benzyna,1798
14500,2006,317000,Diesel,1896
21400,2005,247809,Benzyna,1595
99900,2017,100000,Benzyna,1984
99000,2018,97000,Benzyna,1395
27700,2013,170500,Diesel,1598
16500,2001,136000,Benzyna,1390
64700,2014,215000,Diesel,1968
16400,2008,276000,Diesel,1896
47000,2012,292300,Diesel,1968
7900,2002,335100,Diesel,1896
3700,2000,352432,Diesel,1968
49900,2013,158000,Diesel,1968
3700,2000,352432,Diesel,1968
49900,2013,158000,Diesel,1968
16900,2005,111000,Benzyna,1595
14900,2009,132198,Benzyna,1198
4999,2000,130000,Benzyna,999
37500,2009,216000,Benzyna,1984
29800,2010,231014,Diesel,1598
24500,2018,16478,Benzyna,999
26900,2013,187132,Benzyna,1197
30000,2007,224000,Diesel,2967
19000,1985,50000,Benzyna,1781
31500,2010,210000,Diesel,1968
38000,2016,116345,Benzyna,1984
66899,2018,178864,Benzyna,1798
163640,2022,1,Benzyna,1498
23500,2009,197000,Benzyna,1390
124900,2017,117200,Diesel,1968
27900,2010,275000,Diesel,1598
49900,2002,238000,Benzyna,2461
15900,2018,59849,Benzyna,999
79997,2019,159327,Benzyna,1498
3500,2001,164000,Benzyna,1390
38900,2012,269000,Diesel,1968
58900,2015,215000,Diesel,1968
20000,2007,310000,Diesel,1968
15700,2011,101000,Diesel,1598
19400,2005,268000,Diesel,1896
334999,2019,40000,Diesel,2967
109900,2019,98320,Benzyna,1984
28600,2009,224672,Benzyna,1595
77900,2016,129515,Diesel,1968
17400,2006,280000,Diesel,1968
77900,2016,129515,Diesel,1968
15700,2005,283000,Diesel,1896
17400,2006,280000,Diesel,1968
59500,2007,330000,Benzyna,3200
9990,2007,135000,Benzyna,1198
59900,2013,84000,Diesel,1968
9999,2005,247251,Diesel,1968
99900,2016,122300,Benzyna,1984
47900,2018,182000,Diesel,1598
164999,2021,23765,Diesel,1968
31999,2008,228052,Diesel,1968
20000,2009,353040,Diesel,2460
35900,2012,216000,Diesel,1598
122000,2018,65935,Benzyna,1498
109900,2019,85000,Diesel,1968
149900,1972,141212,Benzyna,1276
5500,2002,269000,Benzyna,1390
72900,2014,105900,Diesel,1968
32900,2013,217963,Benzyna,1390
68000,2016,254000,Diesel,1968
69900,2015,189870,Diesel,1968
179900,2019,97320,Diesel,1968
24900,2006,185000,Diesel,1896
11000,2004,202346,Benzyna,1595
7800,2004,308383,Diesel,1896
45000,2009,260000,Benzyna,1984
99900,2017,82000,Benzyna,1395
213900,2022,10,Benzyna,1984
227900,2023,5,Benzyna,1984
29900,2014,230547,Diesel,1422
9999,2006,263792,Benzyna,1984
295800,2023,1,,
112500,2019,64910,Diesel,1968
35500,2013,328000,Diesel,1598
39900,2013,195000,Diesel,1968
10000,2002,375309,Diesel,1896
41900,2008,253000,Diesel,2967
8700,2006,149547,Benzyna,1198
114800,2018,29859,Benzyna,1395
26500,2007,248000,Diesel,1896
62500,2018,64615,Benzyna,999
28999,2009,179000,Benzyna,1390
46999,2012,252600,Diesel,1968
96990,2017,164000,Diesel,1968
177500,2018,167300,Diesel,2967
96899,2018,109069,Diesel,1968
175600,2019,28000,Benzyna,1984
57900,2014,194000,Diesel,1968
119970,2022,6,Benzyna,1498
164440,2022,6,Benzyna,1498
261700,2022,6,Benzyna,1984
68950,2022,10,Benzyna,999
248800,2022,10,Benzyna,1984
10500,2003,384000,Diesel,1896
111900,2018,70250,Benzyna,1984
46500,2014,163000,Benzyna,1395
19900,2012,198744,Diesel,1598
22999,2008,279000,Diesel,1968
10400,2008,460000,Diesel,1968
78500,2017,169855,Diesel,1968
42500,2015,87000,Benzyna,1197
26700,2019,25000,Benzyna,1498
68850,2019,131203,Diesel,1598
14700,2004,210000,Diesel,1896
14700,2004,210000,Diesel,1896
18700,2014,29000,Benzyna,999
26700,2019,25000,Benzyna,1498
27500,2010,176380,Benzyna,1390
454900,2023,,Diesel,2967
7900,1999,272000,Diesel,1896
7000,2001,198000,Benzyna,1390
182900,2023,5,Benzyna,1498
39900,1999,307000,Diesel,2500
61900,2014,47000,Benzyna,1400
14000,2005,285000,Diesel,1896
24900,2008,219000,Diesel,1896
14900,2004,198000,Benzyna,1781
6200,2003,290000,Diesel,1896
61900,2015,260000,Diesel,1968
46900,2012,252000,Diesel,1968
34900,2008,232000,Benzyna,1984
67600,2017,111600,Benzyna,1400
13999,2008,189000,Benzyna,1390
382550,2023,1,Diesel,2000
16999,2007,117000,Benzyna,1398
84900,2018,208650,Diesel,1968
148900,2015,140000,Diesel,1968
149300,2022,1,Benzyna,1498
7400,2007,402831,Diesel,1896
62900,2018,154034,Diesel,1598
23900,2009,179000,Benzyna,1595
132300,2022,1,Benzyna,1498
20900,2007,266000,Benzyna,1595
93000,2019,163125,Diesel,1968
29700,2013,81300,Benzyna,1198
19500,2010,496150,Diesel,1968
3300,1990,225000,Benzyna,1595
23900,2010,218000,Diesel,1968
31990,2012,262000,Diesel,1968
31200,2012,201200,Diesel,1998
69900,2012,34000,Benzyna,1984
13400,2008,170830,Benzyna,1198
27000,2010,158753,Benzyna,1390
124699,2019,140970,Diesel,1968
139990,2023,10,Benzyna,1498
45000,2012,298000,Benzyna,1598
18900,2008,201500,Benzyna,1390
245900,2019,111122,Diesel,1968
17900,2007,216238,Diesel,1900
23800,2011,195316,Diesel,1598
10900,2003,400460,Diesel,1896
85900,2018,97962,Benzyna,1498
66260,2023,,Benzyna,999
11900,2005,200000,Benzyna,1198
12900,2003,230000,Benzyna,1390
69000,2017,135510,Diesel,1968
12500,2002,280000,Diesel,1896
12400,2004,178000,Benzyna,1390
58000,2016,128000,Diesel,1968
22500,2009,243636,Diesel,1968
11900,2006,235000,Diesel,1968
93500,2018,135300,Diesel,1968
24900,2012,169336,Diesel,1199
23900,2008,230000,Benzyna,1598
37900,2017,60000,Benzyna,1395
37900,2008,255900,Diesel,1968
53900,2016,56000,Diesel,1598
43500,2014,278200,Benzyna,1390
37900,2008,255900,Diesel,1968
43500,2014,278200,Benzyna,1390
8900,2006,134700,Benzyna,1390
139900,2023,,Benzyna,1498
8999,2005,209265,Diesel,1422
7990,1998,156687,Benzyna,1595
33900,2013,258163,Diesel,1968
15800,2004,225300,Diesel,1896
98900,2021,31441,Benzyna,1498
57000,2019,182428,Diesel,1598
55000,2019,250000,Diesel,1968
32800,2017,108000,Benzyna,999
45999,2014,46137,Benzyna,1197
54000,2018,174346,Diesel,1598
97900,2016,108450,Benzyna,1798
97500,2019,97000,Diesel,1968
20999,2007,316140,Diesel,1968
8000,2005,332240,Diesel,1896
179900,2020,21014,Benzyna,1984
14700,2007,180000,Benzyna,1198
284300,2022,5,Diesel,1968
16700,2006,164000,Benzyna,1198
75999,2016,185317,Diesel,1598
28900,2011,147000,Diesel,1968
64900,2014,195000,Diesel,1968
23900,2009,117000,Benzyna,1798
55900,2018,182000,Diesel,1598
197500,2017,86086,Diesel,1968
81799,2020,85608,Benzyna,999
61500,2018,88100,Benzyna,999
19900,2005,147000,Benzyna,1595
99999,2008,185663,Benzyna,1595
99999,2008,185663,Benzyna,1595
9000,2000,251000,Diesel,1896
33800,2010,211468,Benzyna,1390
109900,2020,23284,Benzyna,1498
18700,2005,147624,Benzyna,1598
89900,2020,22291,Benzyna,999
18000,2009,256327,Diesel,1598
55000,2018,46900,Benzyna,999
54100,2016,199500,Diesel,1968
189900,2020,35700,Diesel,1968
84000,2020,29300,Benzyna,999
82799,2019,124891,Diesel,1968
24900,2012,240000,Benzyna,1197
30900,2016,67500,Benzyna,999
35500,2018,86000,Diesel,1968
84500,2020,42400,Benzyna,999
21400,2011,374900,Diesel,1598
86900,2019,138956,Benzyna,1498
89900,2018,109300,Diesel,1968
89900,2019,95300,Benzyna,1498
72799,2019,97614,Benzyna,1498
49900,2019,141000,Benzyna,999
12900,2003,219000,Diesel,1896
32000,1997,262282,Benzyna,2800
4200,1985,410000,Diesel,1588
28999,2010,296051,Diesel,1896
44900,2011,257000,Diesel,1968
97900,2021,12254,Benzyna,999
55000,2018,141070,Diesel,1598
65900,2014,150500,Diesel,1968
15200,2007,335500,Diesel,1968
106900,2018,63745,Diesel,1968
117100,2023,1,Benzyna,999
75800,2017,242000,Diesel,1968
73900,2018,30389,Benzyna,1498
14800,2005,170500,Benzyna,1390
15500,2007,199668,Diesel,1896
7900,2002,279000,Diesel,1896
130500,2022,10,Benzyna,1497
155900,2019,25500,Benzyna,1984
99630,2013,159800,Diesel,1968
16200,2009,421000,Diesel,1968
29900,2013,167431,Diesel,1598
88500,2019,133935,Benzyna,1498
20500,2009,326790,Diesel,1968
73900,2017,179876,Diesel,1598
64200,2013,175129,Benzyna,1984
71000,2017,143133,Diesel,1968
22900,2008,318000,Diesel,1968
125600,2021,18670,Benzyna,1498
109900,2021,38539,Benzyna,1498
25900,2008,158754,Benzyna,1390
139900,2017,76938,Diesel,1968
16700,2007,133000,Benzyna,1390
73900,2018,110000,Diesel,1968
67400,2015,110460,Benzyna,1984
2500,2001,187000,Benzyna,1390
45999,2014,134000,Diesel,1598
8900,2005,96417,Benzyna,1198
114900,2020,19615,Benzyna,1498
13999,2004,160000,Benzyna,1390
53999,2016,184500,Diesel,1598
54900,2011,188328,Diesel,2967
21900,2009,240000,Diesel,1968
